pm2.5,pm10,o3,no2,so2,co
181.0,85.0,7.0,11.0,1.0,6.0
145.0,119.0,10.0,14.0,4.0,12.0
149.0,111.0,14.0,12.0,4.0,10.0
161.0,133.0,13.0,14.0,4.0,10.0
155.0,142.0,16.0,18.0,4.0,12.0
159.0,126.0,18.0,17.0,4.0,9.0
138.0,148.0,18.0,18.0,4.0,11.0
142.0,118.0,15.0,16.0,4.0,10.0
187.0,125.0,13.0,16.0,4.0,10.0
200.0,174.0,11.0,13.0,3.0,11.0
179.0,172.0,11.0,18.0,3.0,11.0
188.0,227.0,17.0,23.0,3.0,10.0
211.0,255.0,10.0,29.0,4.0,19.0
203.0,235.0,16.0,29.0,5.0,17.0
218.0,210.0,17.0,23.0,5.0,13.0
263.0,222.0,20.0,27.0,4.0,9.0
316.0,248.0,19.0,47.0,4.0,7.0
238.0,385.0,14.0,67.0,5.0,12.0
254.0,223.0,16.0,71.0,4.0,7.0
284.0,231.0,10.0,75.0,4.0,9.0
175.0,352.0,20.0,72.0,4.0,10.0
160.0,258.0,9.0,59.0,4.0,25.0
163.0,121.0,15.0,19.0,1.0,5.0
161.0,146.0,6.0,15.0,2.0,5.0
177.0,143.0,12.0,13.0,6.0,6.0
198.0,189.0,2.0,15.0,5.0,6.0
196.0,224.0,4.0,17.0,7.0,13.0
169.0,133.0,3.0,12.0,4.0,6.0
326.0,127.0,2.0,13.0,4.0,8.0
338.0,280.0,2.0,18.0,4.0,8.0
386.0,402.0,8.0,25.0,7.0,5.0
258.0,480.0,5.0,27.0,7.0,7.0
360.0,282.0,10.0,21.0,6.0,8.0
270.0,357.0,15.0,22.0,5.0,18.0
328.0,256.0,5.0,19.0,4.0,6.0
341.0,322.0,6.0,19.0,5.0,6.0
301.0,343.0,9.0,21.0,4.0,6.0
265.0,320.0,11.0,20.0,4.0,8.0
272.0,228.0,4.0,20.0,3.0,6.0
300.0,261.0,11.0,22.0,3.0,9.0
296.0,275.0,3.0,22.0,3.0,9.0
298.0,297.0,7.0,24.0,4.0,10.0
350.0,278.0,10.0,23.0,3.0,6.0
277.0,347.0,7.0,26.0,3.0,8.0
395.0,245.0,7.0,24.0,6.0,9.0
426.0,410.0,8.0,27.0,6.0,12.0
259.0,484.0,7.0,30.0,4.0,12.0
274.0,221.0,7.0,22.0,3.0,10.0
227.0,270.0,7.0,22.0,3.0,9.0
209.0,205.0,4.0,19.0,2.0,9.0
326.0,171.0,4.0,21.0,2.0,6.0
269.0,360.0,4.0,26.0,5.0,9.0
254.0,230.0,8.0,25.0,3.0,9.0
251.0,225.0,4.0,23.0,3.0,8.0
319.0,219.0,1.0,20.0,3.0,8.0
277.0,309.0,1.0,20.0,6.0,9.0
257.0,216.0,1.0,30.0,6.0,16.0
247.0,216.0,5.0,28.0,5.0,10.0
337.0,291.0,4.0,35.0,3.0,9.0
402.0,295.0,8.0,36.0,2.0,9.0
277.0,442.0,10.0,41.0,3.0,11.0
379.0,216.0,1.0,26.0,2.0,12.0
322.0,322.0,18.0,73.0,3.0,17.0
384.0,321.0,17.0,75.0,4.0,19.0
450.0,398.0,15.0,81.0,7.0,27.0
411.0,558.0,16.0,86.0,6.0,30.0
312.0,497.0,10.0,85.0,5.0,36.0
224.0,349.0,10.0,80.0,6.0,27.0
203.0,217.0,6.0,76.0,7.0,26.0
230.0,190.0,17.0,70.0,5.0,25.0
291.0,203.0,15.0,80.0,4.0,22.0
323.0,328.0,25.0,95.0,7.0,31.0
261.0,495.0,17.0,98.0,13.0,36.0
244.0,370.0,17.0,74.0,10.0,28.0
345.0,282.0,12.0,41.0,5.0,20.0
361.0,425.0,5.0,44.0,2.0,24.0
262.0,253.0,2.0,43.0,2.0,19.0
215.0,297.0,1.0,43.0,2.0,15.0
206.0,196.0,21.0,40.0,2.0,12.0
241.0,181.0,9.0,37.0,2.0,11.0
239.0,220.0,11.0,41.0,3.0,12.0
229.0,217.0,11.0,38.0,2.0,12.0
289.0,184.0,9.0,36.0,3.0,14.0
380.0,223.0,11.0,11.0,2.0,12.0
287.0,405.0,18.0,6.0,2.0,12.0
227.0,239.0,13.0,5.0,2.0,12.0
359.0,146.0,6.0,5.0,2.0,11.0
434.0,419.0,11.0,7.0,5.0,19.0
428.0,547.0,23.0,10.0,6.0,19.0
456.0,515.0,18.0,8.0,5.0,16.0
364.0,576.0,21.0,10.0,5.0,26.0
321.0,403.0,22.0,9.0,6.0,27.0
330.0,266.0,20.0,6.0,7.0,17.0
305.0,290.0,13.0,6.0,6.0,10.0
266.0,299.0,22.0,7.0,3.0,31.0
270.0,250.0,23.0,7.0,6.0,27.0
335.0,291.0,22.0,7.0,4.0,20.0
423.0,354.0,17.0,7.0,3.0,33.0
357.0,472.0,22.0,8.0,7.0,24.0
290.0,326.0,17.0,6.0,7.0,18.0
362.0,286.0,16.0,7.0,5.0,23.0
217.0,329.0,18.0,5.0,7.0,16.0
189.0,137.0,15.0,5.0,6.0,8.0
235.0,125.0,9.0,13.0,5.0,9.0
448.0,211.0,4.0,14.0,4.0,16.0
333.0,573.0,12.0,24.0,7.0,40.0
367.0,417.0,16.0,61.0,10.0,35.0
394.0,488.0,23.0,79.0,5.0,35.0
470.0,492.0,25.0,41.0,7.0,42.0
432.0,569.0,13.0,38.0,5.0,37.0
410.0,553.0,14.0,38.0,6.0,34.0
405.0,543.0,12.0,40.0,8.0,33.0
285.0,506.0,16.0,36.0,14.0,23.0
309.0,339.0,28.0,37.0,11.0,19.0
306.0,398.0,15.0,29.0,8.0,14.0
286.0,387.0,26.0,18.0,9.0,12.0
266.0,390.0,24.0,18.0,9.0,22.0
211.0,382.0,26.0,16.0,9.0,19.0
186.0,221.0,28.0,15.0,9.0,13.0
202.0,168.0,22.0,13.0,7.0,8.0
176.0,170.0,18.0,13.0,7.0,9.0
260.0,153.0,18.0,14.0,7.0,11.0
262.0,226.0,14.0,10.0,7.0,10.0
245.0,266.0,16.0,13.0,7.0,10.0
189.0,225.0,23.0,13.0,8.0,6.0
140.0,143.0,19.0,11.0,6.0,7.0
138.0,100.0,17.0,9.0,6.0,7.0
113.0,105.0,10.0,8.0,6.0,4.0
150.0,86.0,7.0,8.0,5.0,9.0
187.0,155.0,12.0,9.0,3.0,5.0
177.0,216.0,10.0,11.0,3.0,8.0
244.0,266.0,13.0,28.0,0.0,12.0
229.0,282.0,21.0,74.0,0.0,9.0
160.0,198.0,18.0,64.0,1.0,10.0
158.0,142.0,13.0,49.0,2.0,6.0
156.0,158.0,9.0,70.0,0.0,4.0
161.0,153.0,6.0,49.0,1.0,8.0
175.0,183.0,6.0,50.0,1.0,11.0
176.0,211.0,8.0,37.0,1.0,5.0
169.0,201.0,22.0,28.0,0.0,7.0
154.0,165.0,24.0,28.0,0.0,7.0
153.0,147.0,15.0,21.0,0.0,6.0
145.0,148.0,19.0,24.0,0.0,4.0
156.0,137.0,13.0,18.0,0.0,3.0
149.0,127.0,12.0,17.0,0.0,2.0
138.0,119.0,7.0,15.0,0.0,2.0
162.0,118.0,5.0,13.0,1.0,2.0
159.0,128.0,5.0,16.0,2.0,2.0
160.0,111.0,10.0,16.0,2.0,3.0
144.0,133.0,6.0,21.0,1.0,8.0
145.0,113.0,5.0,14.0,1.0,6.0
117.0,101.0,5.0,13.0,1.0,2.0
114.0,102.0,5.0,16.0,1.0,15.0
93.0,96.0,5.0,15.0,1.0,2.0
82.0,102.0,5.0,10.0,1.0,4.0
116.0,110.0,5.0,8.0,2.0,4.0
111.0,113.0,4.0,8.0,2.0,4.0
116.0,92.0,4.0,13.0,1.0,6.0
160.0,94.0,4.0,12.0,1.0,6.0
155.0,130.0,5.0,11.0,1.0,5.0
128.0,125.0,5.0,8.0,1.0,7.0
113.0,124.0,4.0,8.0,1.0,4.0
157.0,78.0,5.0,4.0,1.0,12.0
48.0,34.0,4.0,0.0,1.0,12.0
117.0,44.0,4.0,1.0,1.0,12.0
115.0,89.0,8.0,2.0,2.0,9.0
117.0,93.0,13.0,3.0,2.0,12.0
119.0,97.0,8.0,3.0,2.0,12.0
120.0,93.0,8.0,2.0,2.0,13.0
118.0,103.0,6.0,2.0,2.0,12.0
125.0,116.0,6.0,2.0,1.0,11.0
125.0,109.0,5.0,2.0,2.0,11.0
138.0,109.0,4.0,2.0,1.0,12.0
137.0,111.0,6.0,1.0,1.0,12.0
127.0,111.0,6.0,2.0,1.0,11.0
136.0,120.0,4.0,2.0,1.0,11.0
152.0,134.0,3.0,2.0,1.0,10.0
138.0,156.0,3.0,3.0,1.0,13.0
116.0,139.0,2.0,2.0,2.0,6.0
107.0,119.0,2.0,2.0,1.0,14.0
115.0,114.0,3.0,2.0,1.0,13.0
140.0,70.0,2.0,1.0,1.0,17.0
150.0,143.0,6.0,1.0,1.0,14.0
130.0,138.0,3.0,1.0,1.0,15.0
119.0,137.0,2.0,1.0,1.0,12.0
138.0,118.0,2.0,1.0,1.0,12.0
136.0,107.0,2.0,2.0,1.0,11.0
121.0,208.0,2.0,1.0,1.0,12.0
119.0,125.0,2.0,1.0,1.0,10.0
120.0,137.0,3.0,0.0,1.0,10.0
124.0,125.0,2.0,1.0,1.0,13.0
128.0,177.0,3.0,1.0,1.0,14.0
146.0,136.0,6.0,6.0,1.0,12.0
97.0,115.0,5.0,4.0,2.0,12.0
101.0,95.0,5.0,6.0,2.0,10.0
109.0,88.0,5.0,3.0,1.0,9.0
139.0,87.0,7.0,11.0,2.0,13.0
143.0,71.0,10.0,5.0,1.0,13.0
96.0,95.0,5.0,4.0,1.0,14.0
103.0,87.0,5.0,4.0,1.0,10.0
135.0,93.0,5.0,4.0,1.0,12.0
84.0,96.0,6.0,5.0,1.0,13.0
73.0,76.0,5.0,5.0,1.0,13.0
126.0,56.0,5.0,5.0,1.0,14.0
135.0,83.0,16.0,6.0,1.0,12.0
83.0,170.0,14.0,9.0,1.0,14.0
164.0,81.0,11.0,6.0,1.0,13.0
184.0,593.0,6.0,6.0,1.0,15.0
114.0,90.0,34.0,6.0,1.0,13.0
111.0,70.0,12.0,6.0,1.0,12.0
133.0,77.0,9.0,5.0,1.0,12.0
113.0,78.0,12.0,0.0,1.0,11.0
101.0,63.0,26.0,0.0,1.0,10.0
90.0,63.0,6.0,0.0,1.0,11.0
93.0,37.0,7.0,0.0,1.0,11.0
116.0,34.0,5.0,0.0,1.0,10.0
119.0,51.0,16.0,0.0,1.0,12.0
104.0,127.0,17.0,0.0,1.0,12.0
112.0,104.0,10.0,0.0,1.0,11.0
141.0,76.0,8.0,0.0,1.0,12.0
139.0,153.0,6.0,1.0,1.0,12.0
104.0,125.0,8.0,1.0,2.0,13.0
89.0,76.0,6.0,0.0,1.0,13.0
116.0,91.0,17.0,1.0,1.0,11.0
128.0,117.0,6.0,0.0,1.0,12.0
111.0,165.0,11.0,1.0,1.0,13.0
184.0,126.0,6.0,0.0,1.0,12.0
95.0,89.0,26.0,7.0,1.0,17.0
164.0,39.0,9.0,5.0,1.0,12.0
138.0,117.0,8.0,8.0,1.0,10.0
122.0,95.0,9.0,6.0,1.0,10.0
123.0,79.0,6.0,7.0,2.0,13.0
122.0,81.0,6.0,6.0,2.0,12.0
83.0,76.0,8.0,6.0,1.0,11.0
100.0,55.0,7.0,5.0,1.0,12.0
128.0,70.0,2.0,5.0,2.0,11.0
117.0,94.0,6.0,7.0,3.0,10.0
107.0,104.0,4.0,9.0,3.0,11.0
119.0,111.0,5.0,9.0,2.0,11.0
135.0,164.0,7.0,7.0,2.0,10.0
127.0,176.0,5.0,9.0,2.0,10.0
104.0,129.0,5.0,10.0,2.0,11.0
113.0,108.0,8.0,10.0,2.0,11.0
122.0,128.0,9.0,12.0,3.0,11.0
134.0,130.0,8.0,13.0,3.0,10.0
213.0,122.0,29.0,18.0,3.0,9.0
134.0,568.0,8.0,23.0,3.0,14.0
148.0,198.0,35.0,12.0,2.0,8.0
177.0,116.0,24.0,14.0,2.0,12.0
126.0,135.0,22.0,14.0,3.0,10.0
108.0,97.0,26.0,15.0,2.0,11.0
143.0,85.0,27.0,11.0,2.0,9.0
115.0,94.0,5.0,13.0,1.0,7.0
126.0,65.0,6.0,7.0,1.0,9.0
110.0,78.0,20.0,8.0,2.0,9.0
157.0,121.0,6.0,9.0,2.0,9.0
86.0,126.0,8.0,12.0,2.0,9.0
94.0,83.0,12.0,10.0,1.0,7.0
74.0,53.0,16.0,12.0,2.0,11.0
89.0,95.0,19.0,8.0,2.0,6.0
130.0,125.0,8.0,7.0,2.0,8.0
145.0,241.0,18.0,11.0,4.0,6.0
165.0,180.0,20.0,13.0,3.0,3.0
148.0,226.0,36.0,21.0,3.0,18.0
145.0,143.0,30.0,17.0,3.0,17.0
110.0,112.0,29.0,13.0,3.0,13.0
180.0,96.0,24.0,10.0,2.0,12.0
188.0,280.0,22.0,16.0,4.0,13.0
111.0,496.0,20.0,11.0,2.0,12.0
181.0,133.0,29.0,13.0,3.0,14.0
182.0,213.0,35.0,19.0,3.0,18.0
175.0,214.0,39.0,26.0,4.0,20.0
243.0,219.0,36.0,25.0,3.0,18.0
167.0,258.0,37.0,24.0,5.0,20.0
191.0,137.0,35.0,18.0,4.0,15.0
136.0,170.0,29.0,17.0,3.0,17.0
163.0,111.0,16.0,14.0,2.0,15.0
196.0,148.0,27.0,15.0,3.0,14.0
181.0,169.0,13.0,18.0,3.0,16.0
165.0,146.0,23.0,18.0,2.0,18.0
138.0,88.0,30.0,12.0,1.0,7.0
127.0,75.0,11.0,9.0,1.0,3.0
129.0,74.0,7.0,8.0,1.0,13.0
136.0,58.0,6.0,8.0,2.0,10.0
162.0,89.0,20.0,11.0,2.0,4.0
159.0,166.0,20.0,14.0,3.0,7.0
142.0,155.0,29.0,20.0,3.0,7.0
169.0,180.0,27.0,14.0,2.0,11.0
136.0,168.0,31.0,21.0,3.0,16.0
148.0,115.0,24.0,14.0,3.0,11.0
86.0,135.0,20.0,16.0,4.0,10.0
114.0,99.0,14.0,11.0,2.0,7.0
121.0,107.0,22.0,12.0,2.0,7.0
113.0,119.0,14.0,12.0,2.0,8.0
139.0,104.0,12.0,11.0,3.0,11.0
161.0,236.0,20.0,12.0,3.0,6.0
155.0,204.0,13.0,21.0,5.0,19.0
162.0,234.0,22.0,26.0,5.0,14.0
201.0,216.0,21.0,31.0,5.0,14.0
193.0,294.0,26.0,31.0,7.0,17.0
171.0,245.0,20.0,27.0,7.0,13.0
155.0,196.0,17.0,24.0,6.0,12.0
243.0,173.0,16.0,23.0,5.0,4.0
176.0,346.0,19.0,30.0,13.0,11.0
200.0,285.0,23.0,28.0,6.0,11.0
141.0,330.0,23.0,25.0,5.0,11.0
118.0,144.0,21.0,23.0,4.0,8.0
108.0,126.0,16.0,20.0,4.0,4.0
130.0,161.0,14.0,19.0,2.0,5.0
113.0,144.0,13.0,19.0,3.0,7.0
160.0,114.0,13.0,15.0,2.0,6.0
158.0,163.0,12.0,17.0,3.0,10.0
141.0,139.0,12.0,21.0,2.0,10.0
147.0,63.0,12.0,16.0,1.0,5.0
179.0,117.0,24.0,17.0,3.0,7.0
150.0,142.0,27.0,22.0,3.0,7.0
135.0,137.0,15.0,20.0,3.0,4.0
144.0,106.0,13.0,14.0,2.0,3.0
112.0,134.0,12.0,15.0,2.0,6.0
188.0,91.0,12.0,15.0,2.0,9.0
167.0,142.0,10.0,21.0,3.0,18.0
140.0,136.0,14.0,18.0,3.0,11.0
171.0,63.0,18.0,8.0,1.0,2.0
173.0,141.0,7.0,10.0,2.0,6.0
162.0,125.0,31.0,16.0,3.0,8.0
176.0,99.0,21.0,9.0,2.0,8.0
218.0,166.0,31.0,14.0,3.0,8.0
175.0,230.0,32.0,16.0,4.0,4.0
191.0,174.0,30.0,17.0,3.0,9.0
183.0,172.0,26.0,14.0,3.0,6.0
182.0,202.0,28.0,16.0,2.0,8.0
182.0,192.0,30.0,15.0,3.0,10.0
187.0,155.0,34.0,15.0,3.0,7.0
137.0,162.0,28.0,13.0,3.0,7.0
195.0,92.0,31.0,9.0,2.0,5.0
204.0,136.0,36.0,9.0,3.0,12.0
147.0,157.0,24.0,17.0,5.0,6.0
138.0,113.0,26.0,12.0,2.0,7.0
140.0,103.0,22.0,10.0,2.0,4.0
138.0,128.0,11.0,13.0,3.0,7.0
175.0,130.0,17.0,11.0,2.0,2.0
153.0,186.0,22.0,15.0,2.0,6.0
169.0,187.0,21.0,13.0,2.0,9.0
188.0,174.0,26.0,15.0,2.0,7.0
213.0,205.0,26.0,17.0,3.0,9.0
196.0,218.0,27.0,19.0,2.0,6.0
161.0,205.0,29.0,19.0,3.0,10.0
158.0,143.0,28.0,16.0,2.0,7.0
227.0,139.0,21.0,13.0,1.0,6.0
204.0,201.0,23.0,14.0,2.0,10.0
233.0,193.0,29.0,16.0,2.0,4.0
295.0,284.0,15.0,18.0,2.0,16.0
342.0,355.0,32.0,20.0,3.0,15.0
241.0,375.0,25.0,23.0,3.0,17.0
169.0,245.0,23.0,21.0,3.0,17.0
138.0,135.0,27.0,14.0,3.0,7.0
122.0,113.0,26.0,14.0,3.0,7.0
134.0,132.0,20.0,9.0,2.0,3.0
230.0,117.0,17.0,10.0,2.0,3.0
178.0,212.0,9.0,17.0,2.0,8.0
178.0,161.0,15.0,16.0,2.0,8.0
167.0,170.0,19.0,20.0,2.0,9.0
212.0,122.0,13.0,15.0,2.0,16.0
264.0,208.0,9.0,15.0,2.0,16.0
192.0,309.0,15.0,20.0,3.0,23.0
212.0,176.0,15.0,15.0,2.0,9.0
185.0,223.0,3.0,19.0,4.0,13.0
171.0,163.0,2.0,16.0,2.0,10.0
170.0,129.0,18.0,12.0,1.0,4.0
183.0,107.0,7.0,9.0,1.0,4.0
213.0,125.0,6.0,13.0,1.0,4.0
187.0,131.0,8.0,9.0,1.0,4.0
187.0,128.0,6.0,13.0,1.0,5.0
247.0,150.0,10.0,12.0,1.0,2.0
342.0,253.0,20.0,17.0,2.0,8.0
283.0,319.0,20.0,20.0,1.0,6.0
171.0,268.0,19.0,19.0,2.0,8.0
285.0,137.0,18.0,12.0,2.0,3.0
280.0,308.0,26.0,24.0,4.0,4.0
217.0,309.0,26.0,19.0,2.0,6.0
201.0,194.0,12.0,17.0,2.0,10.0
163.0,167.0,15.0,17.0,2.0,9.0
225.0,125.0,14.0,12.0,1.0,6.0
316.0,162.0,8.0,9.0,1.0,7.0
297.0,291.0,9.0,13.0,2.0,15.0
277.0,262.0,11.0,13.0,2.0,15.0
291.0,289.0,13.0,14.0,1.0,14.0
417.0,261.0,5.0,13.0,1.0,13.0
312.0,427.0,6.0,17.0,2.0,23.0
286.0,280.0,8.0,16.0,2.0,17.0
341.0,311.0,8.0,14.0,8.0,12.0
261.0,371.0,9.0,15.0,2.0,14.0
249.0,216.0,7.0,12.0,3.0,13.0
328.0,181.0,10.0,10.0,1.0,11.0
323.0,279.0,10.0,12.0,4.0,11.0
256.0,186.0,18.0,14.0,2.0,16.0
360.0,207.0,10.0,12.0,1.0,8.0
316.0,379.0,15.0,20.0,2.0,30.0
238.0,381.0,18.0,28.0,3.0,38.0
286.0,178.0,16.0,18.0,1.0,24.0
278.0,239.0,11.0,14.0,2.0,23.0
254.0,227.0,4.0,13.0,1.0,26.0
243.0,192.0,8.0,12.0,1.0,24.0
279.0,186.0,8.0,15.0,1.0,23.0
340.0,243.0,9.0,15.0,1.0,26.0
215.0,257.0,4.0,14.0,1.0,25.0
268.0,226.0,4.0,14.0,1.0,25.0
351.0,227.0,7.0,18.0,1.0,26.0
317.0,364.0,9.0,21.0,1.0,28.0
235.0,331.0,7.0,20.0,2.0,31.0
188.0,225.0,7.0,19.0,2.0,24.0
170.0,160.0,11.0,19.0,2.0,27.0
163.0,133.0,9.0,17.0,1.0,22.0
146.0,129.0,7.0,15.0,1.0,22.0
164.0,117.0,6.0,14.0,1.0,21.0
201.0,129.0,5.0,16.0,1.0,23.0
293.0,170.0,4.0,16.0,1.0,19.0
229.0,339.0,6.0,22.0,2.0,30.0
201.0,245.0,9.0,21.0,2.0,30.0
196.0,178.0,8.0,18.0,2.0,28.0
241.0,147.0,8.0,14.0,1.0,24.0
242.0,202.0,9.0,18.0,1.0,23.0
358.0,225.0,8.0,21.0,2.0,26.0
331.0,403.0,10.0,25.0,2.0,18.0
290.0,340.0,12.0,29.0,2.0,37.0
309.0,322.0,13.0,27.0,2.0,32.0
307.0,330.0,12.0,25.0,2.0,31.0
337.0,351.0,12.0,25.0,2.0,34.0
289.0,397.0,16.0,27.0,3.0,41.0
244.0,298.0,18.0,25.0,3.0,35.0
238.0,204.0,18.0,23.0,2.0,29.0
244.0,216.0,18.0,23.0,3.0,25.0
186.0,266.0,17.0,25.0,3.0,27.0
176.0,170.0,17.0,18.0,2.0,28.0
182.0,149.0,16.0,17.0,3.0,22.0
206.0,152.0,15.0,16.0,2.0,24.0
243.0,154.0,16.0,17.0,2.0,25.0
186.0,200.0,16.0,21.0,2.0,24.0
241.0,182.0,19.0,22.0,3.0,28.0
212.0,177.0,17.0,16.0,2.0,23.0
203.0,150.0,14.0,15.0,2.0,23.0
172.0,141.0,8.0,16.0,2.0,22.0
219.0,126.0,17.0,18.0,2.0,25.0
232.0,174.0,21.0,18.0,2.0,22.0
259.0,169.0,20.0,17.0,3.0,26.0
294.0,192.0,15.0,16.0,2.0,23.0
238.0,226.0,13.0,14.0,2.0,22.0
189.0,189.0,15.0,18.0,2.0,20.0
339.0,144.0,23.0,16.0,2.0,28.0
293.0,246.0,11.0,12.0,1.0,19.0
245.0,236.0,16.0,17.0,2.0,24.0
283.0,196.0,23.0,13.0,2.0,26.0
432.0,236.0,16.0,14.0,1.0,23.0
506.0,496.0,20.0,26.0,3.0,31.0
320.0,548.0,19.0,21.0,2.0,31.0
380.0,354.0,14.0,20.0,2.0,18.0
374.0,485.0,27.0,25.0,3.0,24.0
313.0,472.0,19.0,22.0,3.0,32.0
348.0,372.0,16.0,19.0,3.0,24.0
325.0,420.0,19.0,18.0,3.0,22.0
301.0,376.0,24.0,22.0,3.0,14.0
219.0,327.0,19.0,18.0,3.0,25.0
241.0,207.0,27.0,16.0,2.0,13.0
216.0,243.0,23.0,14.0,4.0,8.0
203.0,183.0,26.0,14.0,3.0,7.0
211.0,194.0,30.0,19.0,2.0,6.0
206.0,227.0,18.0,18.0,2.0,10.0
183.0,248.0,21.0,22.0,2.0,14.0
213.0,267.0,24.0,22.0,2.0,20.0
187.0,315.0,3.0,19.0,3.0,1.0
187.0,261.0,22.0,20.0,3.0,0.0
185.0,214.0,27.0,18.0,2.0,0.0
170.0,174.0,28.0,16.0,2.0,1.0
160.0,152.0,21.0,15.0,1.0,0.0
64.0,93.0,12.0,10.0,1.0,0.0
68.0,17.0,3.0,3.0,1.0,18.0
63.0,36.0,18.0,4.0,2.0,13.0
65.0,52.0,3.0,3.0,2.0,10.0
177.0,73.0,5.0,3.0,2.0,6.0
153.0,145.0,9.0,10.0,2.0,10.0
118.0,136.0,8.0,12.0,2.0,37.0
169.0,122.0,6.0,9.0,2.0,0.0
152.0,129.0,6.0,11.0,1.0,0.0
121.0,119.0,3.0,10.0,1.0,0.0
137.0,98.0,3.0,7.0,1.0,2.0
79.0,106.0,18.0,8.0,2.0,2.0
100.0,51.0,3.0,7.0,1.0,5.0
82.0,39.0,3.0,7.0,1.0,4.0
80.0,27.0,6.0,5.0,1.0,6.0
124.0,43.0,2.0,5.0,1.0,1.0
136.0,79.0,5.0,9.0,1.0,1.0
163.0,103.0,8.0,9.0,2.0,4.0
125.0,108.0,4.0,10.0,1.0,2.0
113.0,73.0,7.0,8.0,2.0,1.0
46.0,87.0,3.0,7.0,2.0,1.0
26.0,21.0,2.0,5.0,1.0,1.0
76.0,15.0,2.0,4.0,1.0,1.0
84.0,80.0,3.0,5.0,2.0,3.0
83.0,73.0,4.0,6.0,2.0,4.0
101.0,76.0,3.0,4.0,2.0,5.0
142.0,75.0,6.0,5.0,2.0,1.0
149.0,86.0,2.0,5.0,2.0,4.0
144.0,97.0,3.0,6.0,2.0,3.0
115.0,101.0,4.0,7.0,2.0,3.0
95.0,84.0,3.0,7.0,2.0,3.0
177.0,77.0,2.0,5.0,3.0,9.0
123.0,86.0,2.0,5.0,2.0,9.0
128.0,93.0,2.0,10.0,2.0,8.0
132.0,89.0,3.0,7.0,2.0,9.0
143.0,94.0,2.0,7.0,2.0,9.0
113.0,121.0,5.0,12.0,2.0,9.0
105.0,100.0,3.0,6.0,2.0,9.0
95.0,98.0,2.0,6.0,2.0,8.0
111.0,81.0,2.0,5.0,2.0,8.0
111.0,80.0,2.0,7.0,2.0,8.0
83.0,84.0,4.0,9.0,2.0,9.0
101.0,66.0,2.0,5.0,2.0,8.0
134.0,89.0,2.0,3.0,1.0,8.0
102.0,86.0,3.0,1.0,1.0,9.0
65.0,71.0,2.0,1.0,2.0,9.0
93.0,58.0,2.0,0.0,2.0,8.0
44.0,79.0,2.0,1.0,2.0,9.0
64.0,40.0,2.0,0.0,1.0,9.0
61.0,61.0,2.0,0.0,1.0,8.0
154.0,44.0,2.0,0.0,2.0,9.0
94.0,59.0,1.0,2.0,2.0,9.0
87.0,61.0,2.0,0.0,1.0,7.0
61.0,72.0,6.0,2.0,2.0,9.0
99.0,63.0,3.0,1.0,2.0,9.0
165.0,83.0,4.0,3.0,2.0,9.0
142.0,100.0,5.0,5.0,2.0,10.0
146.0,93.0,8.0,5.0,2.0,8.0
156.0,83.0,4.0,5.0,1.0,9.0
141.0,94.0,9.0,6.0,1.0,9.0
156.0,69.0,5.0,6.0,1.0,12.0
145.0,89.0,5.0,6.0,1.0,3.0
107.0,98.0,2.0,7.0,1.0,15.0
108.0,76.0,2.0,5.0,2.0,40.0
88.0,87.0,1.0,4.0,2.0,24.0
100.0,56.0,2.0,4.0,1.0,17.0
92.0,60.0,2.0,5.0,1.0,27.0
91.0,55.0,2.0,4.0,2.0,43.0
105.0,59.0,2.0,5.0,2.0,1.0
106.0,62.0,3.0,4.0,2.0,24.0
102.0,79.0,2.0,4.0,2.0,22.0
105.0,67.0,3.0,4.0,2.0,32.0
123.0,66.0,2.0,5.0,2.0,42.0
159.0,79.0,5.0,6.0,2.0,33.0
135.0,95.0,11.0,10.0,2.0,39.0
119.0,84.0,11.0,10.0,1.0,41.0
144.0,73.0,1.0,8.0,2.0,30.0
122.0,125.0,6.0,12.0,2.0,12.0
95.0,100.0,3.0,6.0,1.0,10.0
85.0,71.0,4.0,5.0,2.0,9.0
88.0,101.0,3.0,4.0,2.0,12.0
114.0,114.0,3.0,5.0,2.0,8.0
111.0,101.0,3.0,5.0,1.0,7.0
134.0,84.0,3.0,7.0,1.0,6.0
97.0,83.0,5.0,8.0,2.0,11.0
111.0,119.0,3.0,5.0,2.0,4.0
149.0,120.0,3.0,5.0,2.0,7.0
162.0,107.0,11.0,5.0,2.0,6.0
162.0,112.0,8.0,9.0,1.0,7.0
109.0,106.0,20.0,10.0,2.0,7.0
119.0,73.0,5.0,7.0,2.0,8.0
134.0,95.0,3.0,7.0,2.0,6.0
135.0,65.0,7.0,7.0,2.0,6.0
157.0,127.0,6.0,5.0,2.0,7.0
145.0,125.0,6.0,7.0,3.0,5.0
171.0,102.0,3.0,6.0,3.0,4.0
154.0,138.0,6.0,9.0,3.0,5.0
145.0,181.0,21.0,17.0,4.0,5.0
133.0,138.0,10.0,14.0,2.0,6.0
125.0,113.0,5.0,11.0,2.0,3.0
121.0,86.0,11.0,10.0,2.0,3.0
151.0,98.0,16.0,8.0,2.0,4.0
133.0,110.0,2.0,5.0,2.0,5.0
103.0,85.0,2.0,3.0,2.0,4.0
95.0,62.0,3.0,3.0,1.0,3.0
86.0,68.0,2.0,4.0,2.0,3.0
104.0,132.0,2.0,3.0,2.0,3.0
132.0,102.0,3.0,4.0,2.0,3.0
135.0,174.0,3.0,5.0,3.0,4.0
159.0,163.0,6.0,6.0,3.0,5.0
155.0,237.0,9.0,8.0,3.0,2.0
147.0,248.0,7.0,8.0,3.0,3.0
156.0,235.0,12.0,11.0,3.0,6.0
160.0,276.0,13.0,9.0,3.0,3.0
148.0,277.0,17.0,12.0,4.0,3.0
140.0,171.0,30.0,14.0,3.0,7.0
129.0,166.0,15.0,12.0,4.0,5.0
166.0,201.0,20.0,16.0,3.0,17.0
151.0,159.0,24.0,16.0,4.0,12.0
141.0,138.0,12.0,11.0,3.0,12.0
164.0,135.0,7.0,10.0,3.0,15.0
147.0,145.0,10.0,10.0,2.0,10.0
153.0,112.0,11.0,9.0,2.0,10.0
158.0,133.0,4.0,6.0,2.0,9.0
166.0,185.0,6.0,8.0,2.0,10.0
180.0,111.0,6.0,8.0,2.0,11.0
169.0,110.0,21.0,10.0,2.0,16.0
136.0,92.0,8.0,11.0,2.0,13.0
98.0,87.0,7.0,9.0,2.0,11.0
157.0,73.0,17.0,6.0,2.0,9.0
159.0,103.0,7.0,11.0,1.0,9.0
166.0,172.0,4.0,10.0,1.0,9.0
162.0,146.0,3.0,14.0,1.0,9.0
150.0,115.0,11.0,14.0,1.0,9.0
140.0,116.0,21.0,12.0,1.0,9.0
165.0,104.0,8.0,9.0,2.0,9.0
182.0,209.0,5.0,13.0,2.0,9.0
187.0,187.0,13.0,21.0,4.0,9.0
161.0,157.0,3.0,22.0,4.0,8.0
155.0,97.0,9.0,10.0,3.0,9.0
151.0,105.0,15.0,11.0,2.0,10.0
158.0,95.0,21.0,10.0,2.0,5.0
155.0,103.0,13.0,9.0,2.0,4.0
166.0,99.0,19.0,9.0,2.0,8.0
167.0,122.0,31.0,13.0,3.0,4.0
189.0,130.0,31.0,22.0,3.0,10.0
149.0,162.0,27.0,19.0,3.0,7.0
150.0,96.0,29.0,16.0,3.0,10.0
170.0,112.0,14.0,9.0,2.0,8.0
159.0,191.0,19.0,8.0,3.0,9.0
175.0,143.0,24.0,10.0,3.0,42.0
217.0,180.0,21.0,12.0,4.0,33.0
272.0,186.0,28.0,20.0,7.0,9.0
259.0,226.0,32.0,27.0,7.0,8.0
157.0,212.0,34.0,26.0,10.0,9.0
156.0,123.0,30.0,19.0,4.0,8.0
193.0,222.0,27.0,12.0,2.0,7.0
195.0,154.0,34.0,15.0,4.0,5.0
145.0,153.0,30.0,21.0,4.0,7.0
180.0,125.0,34.0,17.0,3.0,7.0
168.0,250.0,9.0,14.0,4.0,7.0
250.0,145.0,19.0,8.0,6.0,7.0
187.0,243.0,21.0,2.0,9.0,7.0
202.0,186.0,30.0,3.0,6.0,7.0
165.0,172.0,7.0,3.0,7.0,7.0
196.0,225.0,19.0,0.0,6.0,3.0
191.0,241.0,21.0,3.0,6.0,6.0
211.0,225.0,20.0,2.0,7.0,6.0
199.0,236.0,28.0,3.0,11.0,7.0
209.0,255.0,35.0,2.0,9.0,6.0
222.0,228.0,24.0,3.0,10.0,8.0
199.0,265.0,31.0,2.0,11.0,14.0
192.0,229.0,30.0,2.0,8.0,14.0
208.0,194.0,28.0,2.0,9.0,11.0
176.0,238.0,29.0,2.0,9.0,1.0
187.0,199.0,33.0,2.0,5.0,4.0
122.0,214.0,37.0,3.0,8.0,8.0
208.0,142.0,23.0,2.0,4.0,7.0
219.0,232.0,31.0,2.0,8.0,5.0
233.0,297.0,33.0,2.0,11.0,4.0
195.0,296.0,25.0,1.0,11.0,6.0
174.0,242.0,26.0,2.0,7.0,8.0
191.0,217.0,14.0,3.0,8.0,15.0
170.0,162.0,22.0,0.0,8.0,7.0
195.0,145.0,19.0,7.0,5.0,13.0
190.0,242.0,17.0,16.0,6.0,8.0
159.0,196.0,25.0,14.0,6.0,8.0
186.0,128.0,21.0,10.0,4.0,6.0
159.0,150.0,26.0,10.0,5.0,7.0
181.0,120.0,28.0,14.0,4.0,5.0
204.0,127.0,30.0,12.0,4.0,7.0
191.0,128.0,24.0,9.0,3.0,6.0
165.0,144.0,29.0,14.0,6.0,8.0
195.0,147.0,20.0,10.0,5.0,5.0
192.0,166.0,24.0,16.0,6.0,5.0
162.0,224.0,30.0,16.0,6.0,6.0
170.0,126.0,26.0,12.0,6.0,5.0
140.0,127.0,25.0,10.0,5.0,6.0
144.0,122.0,20.0,12.0,4.0,6.0
133.0,112.0,19.0,10.0,3.0,16.0
213.0,125.0,16.0,11.0,5.0,23.0
214.0,226.0,16.0,17.0,5.0,4.0
147.0,135.0,27.0,15.0,5.0,10.0
158.0,100.0,19.0,10.0,3.0,10.0
169.0,118.0,15.0,10.0,3.0,9.0
171.0,152.0,23.0,14.0,3.0,9.0
170.0,159.0,14.0,14.0,4.0,10.0
126.0,121.0,29.0,5.0,3.0,6.0
114.0,91.0,13.0,3.0,3.0,7.0
86.0,77.0,12.0,1.0,2.0,5.0
217.0,85.0,10.0,1.0,2.0,7.0
231.0,236.0,18.0,3.0,3.0,11.0
187.0,246.0,16.0,4.0,3.0,11.0
202.0,161.0,3.0,3.0,3.0,16.0
164.0,236.0,15.0,0.0,3.0,9.0
167.0,161.0,3.0,2.0,2.0,14.0
168.0,124.0,1.0,2.0,1.0,8.0
169.0,125.0,1.0,2.0,1.0,7.0
168.0,161.0,1.0,3.0,1.0,5.0
265.0,132.0,3.0,6.0,2.0,4.0
183.0,289.0,2.0,10.0,2.0,15.0
229.0,188.0,5.0,11.0,2.0,11.0
223.0,250.0,11.0,10.0,3.0,16.0
167.0,238.0,10.0,11.0,3.0,15.0
163.0,136.0,10.0,9.0,2.0,11.0
171.0,132.0,10.0,9.0,2.0,10.0
186.0,126.0,6.0,8.0,2.0,6.0
249.0,145.0,9.0,7.0,2.0,5.0
220.0,269.0,12.0,14.0,2.0,12.0
320.0,198.0,11.0,13.0,2.0,12.0
220.0,374.0,12.0,14.0,2.0,25.0
145.0,179.0,9.0,9.0,2.0,12.0
226.0,77.0,6.0,6.0,2.0,9.0
247.0,138.0,8.0,7.0,2.0,11.0
285.0,187.0,16.0,10.0,2.0,10.0
318.0,222.0,5.0,12.0,2.0,8.0
226.0,295.0,8.0,15.0,2.0,19.0
194.0,173.0,12.0,12.0,3.0,8.0
205.0,148.0,11.0,14.0,2.0,9.0
214.0,165.0,9.0,12.0,2.0,10.0
207.0,151.0,6.0,11.0,1.0,7.0
213.0,144.0,2.0,9.0,1.0,5.0
199.0,161.0,2.0,9.0,2.0,11.0
206.0,131.0,2.0,10.0,1.0,5.0
211.0,120.0,2.0,6.0,1.0,14.0
375.0,279.0,5.0,15.0,1.0,8.0
257.0,377.0,3.0,15.0,2.0,14.0
270.0,206.0,2.0,13.0,1.0,12.0
288.0,201.0,2.0,13.0,1.0,8.0
208.0,237.0,4.0,16.0,1.0,12.0
188.0,129.0,3.0,10.0,1.0,9.0
265.0,112.0,2.0,9.0,1.0,7.0
261.0,203.0,2.0,14.0,2.0,12.0
197.0,193.0,2.0,15.0,1.0,12.0
178.0,134.0,2.0,13.0,1.0,10.0
179.0,106.0,2.0,12.0,1.0,8.0
143.0,98.0,2.0,9.0,1.0,10.0
149.0,55.0,2.0,5.0,1.0,7.0
167.0,58.0,3.0,6.0,1.0,8.0
204.0,96.0,2.0,9.0,1.0,8.0
362.0,132.0,2.0,11.0,1.0,10.0
332.0,304.0,5.0,16.0,1.0,14.0
337.0,387.0,2.0,22.0,2.0,17.0
330.0,332.0,3.0,22.0,1.0,17.0
259.0,394.0,3.0,23.0,2.0,29.0
230.0,244.0,3.0,19.0,1.0,10.0
208.0,221.0,2.0,19.0,1.0,9.0
220.0,153.0,2.0,14.0,1.0,15.0
195.0,154.0,2.0,17.0,2.0,12.0
471.0,143.0,1.0,15.0,1.0,13.0
464.0,505.0,2.0,20.0,2.0,11.0
395.0,535.0,2.0,27.0,1.0,15.0
496.0,456.0,2.0,23.0,2.0,15.0
412.0,642.0,10.0,30.0,2.0,34.0
431.0,480.0,2.0,32.0,2.0,23.0
303.0,556.0,2.0,28.0,2.0,26.0
212.0,281.0,2.0,23.0,2.0,18.0
204.0,151.0,2.0,17.0,2.0,11.0
217.0,141.0,1.0,19.0,1.0,11.0
288.0,151.0,1.0,18.0,1.0,9.0
253.0,244.0,2.0,23.0,1.0,14.0
330.0,204.0,1.0,22.0,1.0,12.0
313.0,354.0,5.0,25.0,1.0,19.0
244.0,345.0,5.0,23.0,2.0,20.0
205.0,249.0,1.0,22.0,2.0,31.0
230.0,168.0,1.0,19.0,2.0,13.0
240.0,182.0,1.0,20.0,2.0,13.0
191.0,217.0,1.0,20.0,2.0,11.0
177.0,158.0,1.0,17.0,1.0,14.0
211.0,133.0,1.0,15.0,1.0,10.0
295.0,161.0,1.0,16.0,1.0,8.0
278.0,314.0,20.0,25.0,1.0,18.0
274.0,290.0,3.0,20.0,3.0,21.0
347.0,232.0,2.0,17.0,2.0,16.0
359.0,317.0,0.0,17.0,2.0,9.0
253.0,440.0,2.0,28.0,2.0,7.0
306.0,274.0,7.0,22.0,3.0,18.0
374.0,329.0,5.0,21.0,3.0,16.0
375.0,399.0,15.0,23.0,3.0,12.0
415.0,479.0,27.0,28.0,3.0,23.0
368.0,568.0,11.0,29.0,4.0,20.0
353.0,505.0,12.0,38.0,4.0,22.0
256.0,437.0,15.0,34.0,4.0,18.0
204.0,340.0,15.0,22.0,6.0,25.0
258.0,189.0,14.0,17.0,4.0,8.0
301.0,234.0,16.0,22.0,3.0,8.0
338.0,333.0,16.0,28.0,5.0,14.0
319.0,393.0,16.0,29.0,6.0,16.0
322.0,420.0,16.0,29.0,4.0,22.0
348.0,421.0,13.0,24.0,5.0,19.0
302.0,397.0,13.0,25.0,6.0,15.0
294.0,359.0,13.0,28.0,5.0,18.0
358.0,389.0,18.0,29.0,6.0,19.0
492.0,473.0,8.0,29.0,4.0,20.0
436.0,712.0,12.0,31.0,4.0,23.0
308.0,618.0,5.0,33.0,5.0,25.0
368.0,401.0,24.0,28.0,5.0,15.0
357.0,443.0,16.0,28.0,7.0,12.0
363.0,414.0,18.0,27.0,5.0,13.0
376.0,409.0,18.0,24.0,4.0,12.0
524.0,374.0,15.0,22.0,4.0,4.0
430.0,555.0,15.0,19.0,7.0,11.0
255.0,451.0,20.0,22.0,4.0,13.0
210.0,354.0,25.0,26.0,3.0,14.0
208.0,274.0,22.0,24.0,2.0,11.0
160.0,307.0,22.0,26.0,3.0,11.0
132.0,275.0,20.0,21.0,5.0,15.0
164.0,202.0,15.0,23.0,4.0,9.0
158.0,273.0,23.0,23.0,5.0,8.0
160.0,234.0,21.0,21.0,4.0,15.0
148.0,169.0,25.0,17.0,4.0,6.0
117.0,122.0,19.0,14.0,2.0,5.0
152.0,88.0,16.0,12.0,2.0,8.0
128.0,110.0,23.0,11.0,2.0,4.0
126.0,151.0,19.0,13.0,2.0,8.0
160.0,180.0,13.0,14.0,2.0,12.0
161.0,227.0,16.0,15.0,1.0,5.0
121.0,180.0,20.0,15.0,1.0,9.0
55.0,98.0,14.0,9.0,1.0,5.0
102.0,35.0,5.0,5.0,1.0,5.0
172.0,163.0,4.0,8.0,1.0,5.0
158.0,251.0,27.0,17.0,2.0,7.0
157.0,145.0,34.0,15.0,2.0,6.0
160.0,142.0,23.0,15.0,2.0,4.0
141.0,150.0,23.0,12.0,1.0,4.0
136.0,202.0,4.0,11.0,1.0,6.0
142.0,147.0,16.0,10.0,1.0,5.0
145.0,167.0,22.0,12.0,1.0,5.0
156.0,164.0,19.0,14.0,2.0,5.0
159.0,148.0,18.0,15.0,3.0,6.0
141.0,109.0,8.0,11.0,1.0,4.0
136.0,88.0,2.0,8.0,1.0,3.0
85.0,107.0,2.0,9.0,1.0,3.0
135.0,89.0,1.0,5.0,1.0,0.0
144.0,99.0,3.0,7.0,1.0,3.0
144.0,101.0,3.0,8.0,1.0,3.0
119.0,91.0,2.0,8.0,1.0,3.0
120.0,97.0,9.0,8.0,1.0,3.0
148.0,119.0,16.0,10.0,1.0,5.0
138.0,101.0,12.0,13.0,1.0,5.0
99.0,77.0,2.0,5.0,1.0,5.0
105.0,82.0,2.0,6.0,1.0,7.0
110.0,81.0,3.0,6.0,1.0,8.0
117.0,91.0,3.0,6.0,1.0,5.0
125.0,94.0,4.0,7.0,1.0,5.0
83.0,101.0,5.0,7.0,1.0,7.0
98.0,71.0,4.0,6.0,1.0,5.0
84.0,74.0,15.0,7.0,1.0,7.0
88.0,82.0,3.0,6.0,1.0,6.0
117.0,75.0,1.0,4.0,1.0,7.0
122.0,80.0,3.0,5.0,1.0,6.0
90.0,73.0,4.0,6.0,1.0,7.0
129.0,41.0,3.0,5.0,2.0,6.0
112.0,95.0,9.0,5.0,2.0,6.0
88.0,98.0,6.0,6.0,2.0,7.0
134.0,81.0,10.0,4.0,2.0,6.0
140.0,88.0,3.0,4.0,1.0,5.0
130.0,129.0,7.0,8.0,1.0,8.0
101.0,90.0,3.0,7.0,2.0,6.0
98.0,78.0,6.0,6.0,2.0,8.0
111.0,67.0,3.0,5.0,1.0,8.0
81.0,59.0,2.0,4.0,1.0,5.0
106.0,43.0,2.0,4.0,1.0,6.0
96.0,64.0,1.0,6.0,1.0,7.0
158.0,64.0,2.0,4.0,2.0,4.0
142.0,123.0,3.0,7.0,2.0,5.0
118.0,139.0,3.0,9.0,2.0,8.0
100.0,130.0,4.0,9.0,1.0,4.0
108.0,115.0,2.0,9.0,1.0,5.0
149.0,109.0,2.0,7.0,1.0,3.0
135.0,108.0,2.0,9.0,1.0,7.0
144.0,85.0,5.0,9.0,1.0,7.0
104.0,78.0,3.0,6.0,1.0,9.0
94.0,51.0,3.0,7.0,1.0,7.0
157.0,73.0,5.0,5.0,2.0,6.0
153.0,148.0,6.0,10.0,2.0,8.0
147.0,129.0,7.0,9.0,2.0,6.0
120.0,140.0,5.0,8.0,1.0,6.0
108.0,116.0,4.0,7.0,2.0,5.0
109.0,100.0,4.0,6.0,1.0,4.0
130.0,122.0,3.0,7.0,1.0,5.0
107.0,137.0,6.0,8.0,2.0,5.0
129.0,132.0,3.0,9.0,1.0,9.0
133.0,105.0,5.0,7.0,2.0,4.0
166.0,85.0,2.0,9.0,2.0,7.0
133.0,93.0,2.0,9.0,1.0,7.0
125.0,86.0,1.0,9.0,2.0,6.0
118.0,86.0,3.0,8.0,1.0,6.0
112.0,79.0,8.0,8.0,1.0,4.0
121.0,89.0,6.0,9.0,1.0,6.0
113.0,88.0,3.0,9.0,1.0,6.0
124.0,66.0,3.0,10.0,1.0,6.0
119.0,56.0,7.0,10.0,1.0,6.0
144.0,80.0,8.0,9.0,1.0,7.0
115.0,67.0,4.0,9.0,1.0,5.0
93.0,73.0,4.0,10.0,1.0,6.0
148.0,42.0,3.0,9.0,1.0,5.0
167.0,64.0,3.0,10.0,1.0,5.0
135.0,101.0,8.0,9.0,1.0,6.0
169.0,94.0,28.0,9.0,1.0,2.0
149.0,102.0,7.0,12.0,1.0,5.0
127.0,94.0,3.0,10.0,1.0,8.0
183.0,83.0,5.0,11.0,1.0,8.0
123.0,85.0,3.0,9.0,1.0,7.0
140.0,43.0,2.0,11.0,1.0,7.0
154.0,106.0,7.0,12.0,2.0,7.0
149.0,103.0,10.0,8.0,1.0,5.0
133.0,104.0,25.0,10.0,1.0,6.0
118.0,80.0,14.0,7.0,1.0,6.0
91.0,61.0,12.0,8.0,1.0,7.0
128.0,66.0,5.0,9.0,1.0,7.0
134.0,81.0,7.0,4.0,2.0,5.0
108.0,88.0,7.0,5.0,2.0,4.0
129.0,125.0,50.0,6.0,1.0,5.0
104.0,94.0,25.0,7.0,1.0,6.0
115.0,159.0,18.0,8.0,2.0,5.0
104.0,134.0,8.0,10.0,1.0,5.0
131.0,122.0,11.0,9.0,1.0,5.0
136.0,122.0,7.0,9.0,1.0,5.0
129.0,137.0,8.0,11.0,1.0,4.0
158.0,152.0,6.0,8.0,2.0,4.0
126.0,249.0,6.0,7.0,2.0,3.0
149.0,261.0,7.0,11.0,3.0,4.0
152.0,151.0,13.0,14.0,2.0,7.0
168.0,112.0,13.0,9.0,2.0,6.0
124.0,137.0,11.0,9.0,1.0,4.0
138.0,107.0,11.0,11.0,1.0,8.0
138.0,139.0,10.0,9.0,2.0,5.0
161.0,134.0,7.0,7.0,1.0,6.0
121.0,227.0,16.0,12.0,2.0,7.0
126.0,109.0,3.0,10.0,2.0,5.0
99.0,81.0,10.0,7.0,1.0,6.0
88.0,57.0,4.0,5.0,1.0,3.0
91.0,61.0,6.0,6.0,1.0,5.0
145.0,70.0,7.0,6.0,1.0,5.0
115.0,102.0,10.0,8.0,1.0,6.0
108.0,75.0,8.0,8.0,1.0,5.0
112.0,96.0,9.0,6.0,1.0,4.0
114.0,82.0,14.0,8.0,1.0,4.0
114.0,73.0,7.0,8.0,1.0,5.0
106.0,88.0,8.0,6.0,1.0,5.0
148.0,101.0,8.0,8.0,1.0,6.0
131.0,163.0,6.0,7.0,2.0,5.0
148.0,250.0,4.0,9.0,1.0,4.0
153.0,343.0,4.0,11.0,3.0,11.0
133.0,141.0,12.0,12.0,2.0,4.0
126.0,122.0,23.0,10.0,2.0,5.0
237.0,201.0,23.0,9.0,2.0,6.0
185.0,200.0,10.0,10.0,1.0,5.0
157.0,128.0,18.0,10.0,2.0,7.0
84.0,109.0,6.0,9.0,2.0,3.0
102.0,122.0,8.0,7.0,1.0,5.0
76.0,103.0,19.0,8.0,2.0,6.0
130.0,105.0,30.0,7.0,1.0,7.0
106.0,111.0,30.0,11.0,2.0,8.0
121.0,96.0,24.0,10.0,2.0,5.0
189.0,97.0,20.0,8.0,1.0,3.0
84.0,387.0,11.0,6.0,1.0,2.0
105.0,60.0,17.0,6.0,1.0,3.0
96.0,62.0,6.0,7.0,1.0,4.0
116.0,60.0,9.0,6.0,1.0,5.0
77.0,50.0,4.0,6.0,2.0,3.0
175.0,59.0,6.0,6.0,1.0,3.0
148.0,155.0,21.0,15.0,3.0,5.0
104.0,105.0,28.0,11.0,3.0,6.0
119.0,133.0,18.0,9.0,2.0,4.0
106.0,82.0,11.0,7.0,2.0,3.0
127.0,100.0,18.0,8.0,2.0,1.0
143.0,89.0,28.0,8.0,1.0,6.0
134.0,101.0,27.0,12.0,2.0,7.0
99.0,83.0,21.0,10.0,2.0,7.0
152.0,117.0,13.0,7.0,2.0,6.0
136.0,125.0,23.0,8.0,2.0,7.0
158.0,122.0,18.0,10.0,3.0,6.0
148.0,231.0,18.0,12.0,3.0,7.0
163.0,153.0,25.0,13.0,2.0,7.0
205.0,160.0,35.0,13.0,3.0,6.0
242.0,266.0,26.0,16.0,4.0,8.0
291.0,341.0,27.0,16.0,6.0,8.0
275.0,376.0,29.0,21.0,7.0,11.0
255.0,349.0,30.0,21.0,7.0,14.0
160.0,285.0,30.0,20.0,6.0,12.0
117.0,139.0,25.0,15.0,4.0,8.0
113.0,87.0,22.0,13.0,2.0,6.0
120.0,87.0,16.0,9.0,3.0,6.0
118.0,95.0,26.0,10.0,2.0,5.0
133.0,83.0,18.0,10.0,3.0,5.0
125.0,147.0,21.0,13.0,4.0,5.0
146.0,162.0,17.0,17.0,3.0,10.0
109.0,122.0,26.0,15.0,4.0,7.0
140.0,86.0,15.0,14.0,3.0,6.0
165.0,159.0,2.0,18.0,4.0,7.0
140.0,184.0,19.0,20.0,6.0,8.0
179.0,145.0,18.0,21.0,5.0,7.0
184.0,212.0,20.0,23.0,7.0,9.0
146.0,225.0,24.0,24.0,7.0,10.0
150.0,144.0,22.0,21.0,5.0,9.0
124.0,150.0,24.0,22.0,4.0,9.0
124.0,136.0,18.0,21.0,3.0,9.0
150.0,113.0,20.0,18.0,3.0,8.0
197.0,175.0,24.0,17.0,3.0,7.0
165.0,317.0,37.0,25.0,6.0,10.0
123.0,60.0,12.0,15.0,3.0,8.0
154.0,62.0,7.0,13.0,3.0,6.0
141.0,77.0,15.0,16.0,6.0,7.0
159.0,112.0,4.0,14.0,3.0,7.0
209.0,128.0,7.0,17.0,4.0,10.0
197.0,144.0,16.0,17.0,7.0,10.0
148.0,125.0,14.0,18.0,5.0,10.0
207.0,200.0,17.0,20.0,4.0,11.0
189.0,203.0,9.0,18.0,6.0,9.0
188.0,189.0,4.0,14.0,4.0,9.0
171.0,147.0,8.0,15.0,5.0,9.0
194.0,118.0,9.0,10.0,5.0,9.0
147.0,157.0,8.0,7.0,4.0,11.0
183.0,147.0,4.0,6.0,3.0,8.0
161.0,182.0,2.0,11.0,4.0,12.0
209.0,126.0,1.0,16.0,3.0,11.0
177.0,220.0,2.0,38.0,7.0,12.0
172.0,155.0,2.0,38.0,8.0,11.0
177.0,146.0,3.0,39.0,11.0,16.0
165.0,111.0,2.0,40.0,10.0,11.0
219.0,116.0,3.0,40.0,10.0,11.0
182.0,167.0,5.0,43.0,13.0,21.0
139.0,138.0,3.0,37.0,11.0,13.0
145.0,101.0,3.0,35.0,8.0,8.0
149.0,101.0,5.0,35.0,7.0,9.0
145.0,107.0,3.0,36.0,9.0,10.0
201.0,125.0,3.0,34.0,10.0,12.0
243.0,206.0,4.0,37.0,10.0,14.0
270.0,261.0,3.0,40.0,8.0,21.0
246.0,348.0,9.0,44.0,13.0,26.0
240.0,291.0,2.0,37.0,11.0,20.0
257.0,218.0,2.0,35.0,7.0,15.0
201.0,213.0,2.0,33.0,7.0,15.0
261.0,163.0,4.0,31.0,7.0,17.0
208.0,252.0,7.0,27.0,7.0,19.0
202.0,174.0,10.0,23.0,6.0,17.0
236.0,167.0,14.0,28.0,10.0,16.0
239.0,173.0,4.0,29.0,8.0,15.0
310.0,163.0,15.0,26.0,7.0,18.0
309.0,347.0,4.0,27.0,7.0,30.0
314.0,290.0,6.0,29.0,7.0,25.0
248.0,257.0,6.0,28.0,7.0,18.0
288.0,191.0,6.0,28.0,10.0,17.0
202.0,288.0,7.0,30.0,15.0,19.0
298.0,205.0,8.0,46.0,13.0,19.0
212.0,239.0,3.0,34.0,15.0,16.0
185.0,144.0,4.0,33.0,11.0,14.0
150.0,119.0,3.0,31.0,12.0,11.0
212.0,105.0,6.0,29.0,25.0,12.0
265.0,139.0,2.0,31.0,9.0,12.0
350.0,231.0,2.0,36.0,14.0,17.0
360.0,421.0,5.0,47.0,19.0,24.0
305.0,409.0,4.0,46.0,16.0,25.0
291.0,341.0,6.0,40.0,15.0,22.0
316.0,279.0,2.0,39.0,12.0,20.0
337.0,325.0,3.0,41.0,12.0,16.0
233.0,337.0,11.0,40.0,14.0,21.0
287.0,232.0,53.0,37.0,13.0,20.0
236.0,228.0,54.0,31.0,11.0,13.0
315.0,192.0,17.0,26.0,10.0,18.0
262.0,257.0,14.0,27.0,9.0,17.0
380.0,206.0,16.0,30.0,9.0,14.0
341.0,408.0,5.0,36.0,10.0,25.0
202.0,407.0,7.0,43.0,18.0,24.0
329.0,144.0,9.0,23.0,8.0,13.0
322.0,317.0,6.0,29.0,10.0,21.0
305.0,551.0,7.0,30.0,11.0,49.0
506.0,484.0,4.0,32.0,9.0,1.0
280.0,198.0,24.0,37.0,10.0,59.0
246.0,185.0,17.0,30.0,10.0,20.0
189.0,152.0,17.0,28.0,6.0,28.0
158.0,132.0,7.0,24.0,8.0,19.0
166.0,117.0,8.0,19.0,6.0,16.0
170.0,143.0,8.0,23.0,9.0,23.0
156.0,157.0,9.0,23.0,8.0,26.0
168.0,112.0,9.0,20.0,7.0,22.0
118.0,118.0,19.0,22.0,9.0,26.0
137.0,70.0,23.0,23.0,8.0,23.0
292.0,168.0,7.0,26.0,10.0,35.0
370.0,541.0,11.0,42.0,12.0,49.0
230.0,716.0,11.0,43.0,13.0,69.0
176.0,350.0,8.0,36.0,10.0,42.0
174.0,171.0,10.0,26.0,8.0,34.0
155.0,178.0,14.0,32.0,10.0,30.0
221.0,162.0,8.0,26.0,11.0,17.0
214.0,250.0,13.0,35.0,12.0,13.0
194.0,209.0,11.0,36.0,11.0,14.0
271.0,191.0,8.0,33.0,11.0,13.0
297.0,320.0,10.0,37.0,12.0,32.0
289.0,394.0,13.0,39.0,16.0,41.0
206.0,508.0,14.0,41.0,14.0,37.0
188.0,326.0,20.0,36.0,16.0,28.0
183.0,255.0,14.0,28.0,10.0,18.0
158.0,255.0,16.0,29.0,10.0,18.0
164.0,165.0,16.0,25.0,9.0,16.0
151.0,144.0,11.0,17.0,8.0,14.0
155.0,130.0,11.0,19.0,9.0,14.0
131.0,125.0,11.0,18.0,13.0,13.0
148.0,100.0,10.0,15.0,9.0,12.0
196.0,98.0,10.0,16.0,7.0,14.0
178.0,147.0,15.0,19.0,8.0,20.0
170.0,171.0,18.0,33.0,11.0,22.0
220.0,141.0,25.0,24.0,12.0,20.0
225.0,272.0,17.0,33.0,13.0,33.0
231.0,260.0,22.0,31.0,12.0,29.0
210.0,223.0,18.0,30.0,10.0,27.0
227.0,198.0,18.0,30.0,11.0,24.0
247.0,350.0,21.0,32.0,11.0,27.0
207.0,469.0,31.0,42.0,13.0,38.0
203.0,339.0,23.0,36.0,16.0,29.0
226.0,175.0,15.0,35.0,14.0,25.0
184.0,176.0,16.0,38.0,15.0,26.0
169.0,159.0,17.0,36.0,13.0,19.0
151.0,101.0,26.0,27.0,20.0,17.0
126.0,95.0,13.0,27.0,12.0,16.0
130.0,84.0,10.0,21.0,9.0,14.0
252.0,123.0,10.0,20.0,11.0,16.0
255.0,433.0,26.0,34.0,19.0,28.0
222.0,488.0,11.0,41.0,14.0,35.0
167.0,418.0,20.0,39.0,16.0,33.0
146.0,212.0,17.0,28.0,15.0,21.0
163.0,159.0,18.0,25.0,12.0,18.0
168.0,176.0,20.0,26.0,10.0,18.0
152.0,200.0,22.0,30.0,11.0,20.0
127.0,99.0,24.0,23.0,9.0,17.0
131.0,73.0,10.0,20.0,10.0,16.0
348.0,77.0,11.0,17.0,9.0,16.0
349.0,347.0,28.0,26.0,21.0,27.0
237.0,516.0,19.0,45.0,13.0,34.0
226.0,375.0,15.0,50.0,11.0,29.0
240.0,377.0,12.0,43.0,12.0,27.0
433.0,402.0,14.0,40.0,14.0,29.0
418.0,785.0,21.0,60.0,14.0,35.0
321.0,706.0,19.0,61.0,18.0,33.0
307.0,539.0,20.0,56.0,18.0,28.0
251.0,464.0,18.0,21.0,15.0,28.0
245.0,436.0,15.0,18.0,18.0,28.0
285.0,426.0,15.0,20.0,18.0,25.0
187.0,506.0,10.0,21.0,18.0,29.0
199.0,327.0,11.0,9.0,10.0,25.0
247.0,312.0,25.0,22.0,12.0,19.0
229.0,370.0,30.0,26.0,13.0,22.0
214.0,348.0,27.0,26.0,9.0,21.0
242.0,356.0,31.0,29.0,11.0,20.0
194.0,463.0,43.0,36.0,11.0,26.0
178.0,324.0,31.0,30.0,11.0,17.0
209.0,222.0,28.0,27.0,8.0,19.0
220.0,343.0,26.0,30.0,10.0,19.0
209.0,403.0,20.0,31.0,14.0,25.0
237.0,374.0,18.0,31.0,12.0,22.0
207.0,457.0,29.0,32.0,12.0,18.0
169.0,410.0,29.0,32.0,15.0,24.0
159.0,348.0,21.0,28.0,13.0,23.0
162.0,251.0,27.0,29.0,12.0,17.0
153.0,221.0,26.0,27.0,10.0,15.0
175.0,190.0,22.0,29.0,10.0,11.0
180.0,280.0,27.0,31.0,12.0,15.0
171.0,294.0,13.0,23.0,13.0,20.0
175.0,274.0,20.0,23.0,12.0,14.0
185.0,238.0,7.0,21.0,11.0,27.0
176.0,308.0,19.0,21.0,13.0,20.0
155.0,269.0,20.0,24.0,12.0,18.0
155.0,170.0,3.0,24.0,11.0,15.0
153.0,169.0,30.0,24.0,10.0,13.0
152.0,180.0,35.0,23.0,11.0,15.0
170.0,202.0,33.0,24.0,11.0,13.0
144.0,226.0,24.0,19.0,12.0,14.0
135.0,171.0,26.0,23.0,11.0,14.0
139.0,168.0,26.0,20.0,8.0,11.0
137.0,148.0,31.0,22.0,8.0,11.0
143.0,144.0,25.0,19.0,6.0,12.0
139.0,149.0,27.0,18.0,8.0,10.0
151.0,118.0,3.0,26.0,6.0,12.0
139.0,144.0,6.0,15.0,6.0,13.0
93.0,143.0,12.0,18.0,5.0,11.0
122.0,141.0,6.0,15.0,6.0,10.0
125.0,126.0,4.0,15.0,7.0,12.0
104.0,113.0,7.0,16.0,10.0,14.0
71.0,82.0,6.0,15.0,10.0,11.0
131.0,71.0,6.0,13.0,12.0,9.0
124.0,85.0,5.0,15.0,11.0,12.0
124.0,92.0,8.0,19.0,10.0,12.0
112.0,87.0,4.0,16.0,8.0,11.0
103.0,84.0,5.0,17.0,8.0,12.0
111.0,86.0,4.0,16.0,9.0,12.0
121.0,88.0,5.0,15.0,9.0,11.0
128.0,100.0,5.0,16.0,11.0,11.0
137.0,99.0,5.0,15.0,10.0,12.0
115.0,105.0,7.0,14.0,9.0,12.0
120.0,101.0,17.0,14.0,10.0,10.0
115.0,112.0,14.0,12.0,7.0,10.0
112.0,108.0,17.0,18.0,10.0,9.0
99.0,100.0,7.0,25.0,11.0,11.0
76.0,94.0,10.0,22.0,8.0,10.0
96.0,100.0,11.0,14.0,10.0,23.0
71.0,103.0,19.0,16.0,11.0,14.0
72.0,39.0,13.0,9.0,8.0,13.0
95.0,74.0,4.0,11.0,10.0,17.0
82.0,84.0,10.0,16.0,9.0,17.0
56.0,69.0,11.0,17.0,13.0,23.0
58.0,59.0,2.0,15.0,13.0,17.0
60.0,58.0,2.0,15.0,15.0,20.0
78.0,58.0,1.0,12.0,9.0,15.0
62.0,53.0,13.0,13.0,16.0,11.0
68.0,58.0,7.0,7.0,15.0,12.0
81.0,70.0,4.0,8.0,14.0,10.0
88.0,76.0,6.0,9.0,10.0,11.0
89.0,77.0,7.0,13.0,13.0,15.0
118.0,45.0,7.0,13.0,7.0,10.0
103.0,71.0,3.0,15.0,8.0,10.0
84.0,58.0,9.0,13.0,7.0,12.0
111.0,53.0,5.0,12.0,7.0,10.0
102.0,59.0,3.0,9.0,6.0,9.0
64.0,65.0,4.0,12.0,7.0,11.0
75.0,32.0,2.0,11.0,7.0,10.0
137.0,55.0,2.0,11.0,9.0,10.0
118.0,74.0,2.0,13.0,8.0,12.0
109.0,67.0,4.0,11.0,7.0,10.0
130.0,52.0,2.0,11.0,7.0,10.0
80.0,68.0,4.0,14.0,8.0,11.0
75.0,55.0,6.0,12.0,7.0,10.0
111.0,70.0,4.0,11.0,7.0,10.0
77.0,67.0,5.0,14.0,7.0,11.0
79.0,58.0,2.0,13.0,8.0,10.0
75.0,51.0,2.0,12.0,9.0,9.0
110.0,48.0,2.0,13.0,9.0,11.0
118.0,58.0,4.0,16.0,8.0,12.0
58.0,70.0,4.0,15.0,6.0,10.0
75.0,49.0,3.0,13.0,7.0,10.0
80.0,65.0,3.0,14.0,8.0,10.0
110.0,67.0,2.0,12.0,10.0,11.0
131.0,82.0,3.0,16.0,8.0,10.0
111.0,75.0,3.0,13.0,8.0,11.0
142.0,65.0,3.0,10.0,7.0,11.0
114.0,81.0,9.0,14.0,7.0,11.0
97.0,62.0,6.0,15.0,7.0,12.0
90.0,39.0,3.0,12.0,7.0,10.0
77.0,45.0,3.0,12.0,7.0,10.0
97.0,53.0,8.0,13.0,8.0,11.0
119.0,45.0,2.0,11.0,8.0,10.0
132.0,66.0,4.0,12.0,8.0,11.0
106.0,63.0,5.0,12.0,7.0,12.0
120.0,60.0,4.0,12.0,8.0,11.0
106.0,69.0,25.0,10.0,8.0,11.0
90.0,85.0,2.0,12.0,9.0,12.0
72.0,72.0,4.0,14.0,7.0,11.0
78.0,42.0,2.0,12.0,6.0,10.0
85.0,49.0,7.0,13.0,8.0,12.0
118.0,57.0,5.0,12.0,11.0,14.0
91.0,58.0,5.0,12.0,10.0,12.0
79.0,50.0,5.0,10.0,8.0,13.0
143.0,51.0,10.0,8.0,8.0,12.0
125.0,43.0,11.0,10.0,8.0,12.0
155.0,71.0,10.0,11.0,9.0,12.0
147.0,93.0,13.0,14.0,10.0,14.0
139.0,87.0,17.0,13.0,9.0,14.0
111.0,85.0,11.0,11.0,10.0,11.0
128.0,111.0,9.0,12.0,9.0,11.0
117.0,175.0,6.0,14.0,11.0,12.0
114.0,102.0,5.0,14.0,11.0,13.0
99.0,67.0,8.0,9.0,12.0,11.0
123.0,72.0,6.0,11.0,10.0,13.0
121.0,62.0,18.0,13.0,11.0,14.0
105.0,73.0,9.0,15.0,11.0,13.0
138.0,74.0,12.0,13.0,12.0,12.0
111.0,119.0,11.0,13.0,9.0,13.0
102.0,69.0,15.0,12.0,10.0,13.0
108.0,68.0,20.0,11.0,10.0,12.0
130.0,76.0,28.0,14.0,10.0,13.0
148.0,82.0,24.0,12.0,13.0,13.0
141.0,83.0,5.0,13.0,11.0,15.0
150.0,76.0,8.0,15.0,8.0,13.0
135.0,90.0,10.0,14.0,10.0,14.0
134.0,82.0,12.0,14.0,10.0,13.0
142.0,113.0,16.0,21.0,10.0,15.0
131.0,87.0,21.0,16.0,11.0,14.0
102.0,78.0,30.0,13.0,11.0,13.0
105.0,64.0,25.0,12.0,9.0,11.0
117.0,68.0,43.0,14.0,9.0,12.0
156.0,72.0,36.0,13.0,9.0,13.0
139.0,104.0,10.0,18.0,9.0,14.0
77.0,48.0,1.0,11.0,8.0,15.0
78.0,38.0,2.0,10.0,8.0,13.0
76.0,49.0,3.0,12.0,8.0,12.0
98.0,52.0,2.0,12.0,8.0,12.0
118.0,138.0,8.0,11.0,9.0,13.0
130.0,111.0,24.0,15.0,9.0,13.0
132.0,127.0,10.0,19.0,16.0,15.0
128.0,101.0,16.0,15.0,13.0,15.0
141.0,107.0,16.0,15.0,13.0,13.0
192.0,128.0,10.0,23.0,10.0,14.0
119.0,148.0,29.0,25.0,16.0,17.0
142.0,102.0,21.0,21.0,9.0,14.0
180.0,97.0,29.0,17.0,9.0,13.0
175.0,131.0,31.0,22.0,10.0,15.0
177.0,119.0,34.0,19.0,12.0,15.0
152.0,113.0,37.0,17.0,8.0,13.0
125.0,89.0,34.0,15.0,6.0,14.0
144.0,74.0,28.0,13.0,6.0,14.0
159.0,81.0,28.0,12.0,6.0,13.0
123.0,104.0,32.0,12.0,6.0,15.0
120.0,70.0,34.0,11.0,6.0,12.0
114.0,68.0,36.0,11.0,5.0,11.0
140.0,103.0,42.0,10.0,5.0,11.0
124.0,83.0,33.0,10.0,6.0,13.0
93.0,76.0,36.0,11.0,5.0,13.0
144.0,58.0,32.0,10.0,5.0,13.0
126.0,106.0,26.0,11.0,6.0,13.0
81.0,72.0,23.0,12.0,6.0,13.0
96.0,45.0,23.0,9.0,5.0,13.0
99.0,62.0,13.0,9.0,5.0,12.0
151.0,79.0,22.0,9.0,5.0,13.0
137.0,92.0,31.0,10.0,6.0,12.0
137.0,79.0,34.0,10.0,5.0,13.0
115.0,77.0,32.0,10.0,6.0,12.0
85.0,60.0,30.0,9.0,6.0,11.0
104.0,46.0,23.0,10.0,5.0,11.0
85.0,80.0,19.0,11.0,5.0,12.0
142.0,63.0,29.0,12.0,5.0,11.0
132.0,81.0,31.0,14.0,5.0,13.0
139.0,90.0,27.0,14.0,6.0,13.0
114.0,89.0,30.0,15.0,6.0,12.0
127.0,63.0,24.0,12.0,5.0,11.0
105.0,87.0,15.0,13.0,5.0,12.0
91.0,54.0,23.0,13.0,5.0,12.0
84.0,70.0,30.0,12.0,6.0,10.0
145.0,66.0,32.0,14.0,6.0,9.0
143.0,124.0,33.0,16.0,7.0,11.0
144.0,114.0,30.0,16.0,6.0,12.0
139.0,99.0,40.0,17.0,6.0,13.0
108.0,88.0,32.0,16.0,7.0,11.0
128.0,64.0,28.0,14.0,6.0,11.0
131.0,81.0,33.0,15.0,6.0,14.0
109.0,79.0,2.0,19.0,6.0,17.0
91.0,59.0,2.0,19.0,6.0,17.0
89.0,61.0,3.0,18.0,6.0,14.0
135.0,71.0,2.0,16.0,5.0,15.0
113.0,94.0,2.0,17.0,6.0,18.0
96.0,59.0,2.0,18.0,7.0,15.0
94.0,51.0,2.0,18.0,6.0,14.0
104.0,56.0,2.0,15.0,5.0,15.0
100.0,57.0,1.0,16.0,6.0,13.0
73.0,53.0,2.0,15.0,18.0,13.0
163.0,81.0,1.0,22.0,5.0,16.0
155.0,165.0,1.0,21.0,7.0,19.0
149.0,139.0,6.0,17.0,6.0,18.0
172.0,94.0,2.0,17.0,5.0,15.0
149.0,114.0,5.0,20.0,6.0,16.0
171.0,110.0,2.0,20.0,5.0,16.0
170.0,142.0,3.0,20.0,5.0,20.0
112.0,151.0,3.0,28.0,6.0,21.0
121.0,64.0,2.0,14.0,5.0,14.0
163.0,88.0,2.0,13.0,5.0,14.0
162.0,174.0,8.0,19.0,6.0,17.0
189.0,146.0,1.0,17.0,6.0,22.0
138.0,168.0,3.0,24.0,6.0,22.0
154.0,106.0,4.0,27.0,5.0,17.0
174.0,122.0,5.0,21.0,5.0,15.0
200.0,145.0,4.0,22.0,5.0,16.0
257.0,210.0,11.0,29.0,6.0,20.0
217.0,222.0,4.0,34.0,9.0,23.0
166.0,157.0,11.0,35.0,5.0,20.0
181.0,116.0,11.0,30.0,4.0,8.0
155.0,122.0,10.0,27.0,4.0,9.0
136.0,101.0,11.0,26.0,3.0,10.0
188.0,80.0,9.0,24.0,3.0,5.0
179.0,189.0,25.0,32.0,3.0,8.0
204.0,162.0,30.0,39.0,4.0,11.0
257.0,165.0,3.0,31.0,3.0,12.0
236.0,217.0,3.0,29.0,3.0,15.0
173.0,172.0,2.0,29.0,3.0,13.0
166.0,126.0,2.0,25.0,3.0,10.0
182.0,143.0,2.0,24.0,3.0,10.0
252.0,136.0,2.0,27.0,3.0,11.0
258.0,205.0,3.0,28.0,3.0,12.0
266.0,255.0,2.0,27.0,3.0,20.0
249.0,236.0,3.0,26.0,3.0,19.0
234.0,179.0,2.0,25.0,3.0,19.0
214.0,155.0,2.0,25.0,3.0,18.0
214.0,167.0,3.0,25.0,3.0,18.0
237.0,155.0,2.0,22.0,3.0,17.0
286.0,197.0,2.0,24.0,3.0,17.0
247.0,309.0,3.0,27.0,3.0,25.0
219.0,233.0,2.0,23.0,3.0,20.0
201.0,162.0,2.0,19.0,3.0,19.0
191.0,168.0,2.0,19.0,3.0,18.0
184.0,144.0,2.0,20.0,3.0,18.0
173.0,139.0,3.0,20.0,3.0,16.0
201.0,136.0,2.0,16.0,3.0,16.0
333.0,164.0,2.0,12.0,3.0,19.0
322.0,280.0,3.0,18.0,4.0,30.0
239.0,263.0,3.0,17.0,4.0,23.0
176.0,188.0,3.0,19.0,4.0,21.0
165.0,122.0,2.0,17.0,3.0,16.0
287.0,112.0,2.0,14.0,3.0,16.0
353.0,206.0,2.0,13.0,4.0,24.0
244.0,324.0,4.0,14.0,4.0,27.0
215.0,178.0,3.0,5.0,4.0,18.0
208.0,131.0,2.0,4.0,3.0,16.0
203.0,131.0,2.0,3.0,3.0,19.0
232.0,112.0,2.0,3.0,4.0,18.0
195.0,134.0,2.0,4.0,3.0,17.0
197.0,121.0,3.0,4.0,4.0,16.0
318.0,115.0,6.0,3.0,3.0,16.0
309.0,262.0,7.0,5.0,4.0,24.0
246.0,301.0,8.0,8.0,4.0,22.0
214.0,200.0,7.0,8.0,4.0,19.0
182.0,153.0,7.0,6.0,3.0,17.0
207.0,102.0,5.0,4.0,3.0,13.0
229.0,108.0,3.0,5.0,3.0,16.0
250.0,180.0,6.0,8.0,4.0,19.0
272.0,197.0,3.0,9.0,4.0,17.0
286.0,204.0,3.0,11.0,4.0,16.0
355.0,245.0,3.0,13.0,3.0,21.0
419.0,377.0,2.0,11.0,7.0,25.0
444.0,482.0,3.0,14.0,9.0,27.0
360.0,421.0,10.0,14.0,6.0,22.0
340.0,375.0,6.0,13.0,6.0,21.0
272.0,314.0,7.0,13.0,4.0,17.0
233.0,204.0,6.0,12.0,3.0,16.0
351.0,172.0,5.0,11.0,3.0,15.0
237.0,332.0,8.0,16.0,3.0,21.0
224.0,156.0,6.0,12.0,4.0,17.0
341.0,141.0,6.0,12.0,3.0,16.0
451.0,278.0,6.0,14.0,3.0,20.0
413.0,482.0,11.0,20.0,4.0,25.0
242.0,426.0,9.0,21.0,4.0,25.0
192.0,160.0,13.0,15.0,3.0,15.0
178.0,123.0,6.0,12.0,4.0,14.0
191.0,112.0,4.0,10.0,4.0,14.0
188.0,121.0,3.0,8.0,3.0,13.0
185.0,135.0,4.0,11.0,4.0,18.0
400.0,108.0,4.0,12.0,3.0,15.0
441.0,450.0,8.0,17.0,3.0,24.0
359.0,556.0,10.0,35.0,5.0,31.0
298.0,401.0,8.0,29.0,5.0,26.0
353.0,292.0,8.0,25.0,5.0,23.0
324.0,381.0,4.0,25.0,6.0,23.0
334.0,316.0,6.0,26.0,5.0,20.0
412.0,335.0,5.0,28.0,6.0,23.0
272.0,521.0,8.0,35.0,6.0,27.0
248.0,289.0,13.0,29.0,7.0,20.0
249.0,229.0,12.0,27.0,6.0,20.0
215.0,202.0,14.0,25.0,5.0,18.0
194.0,154.0,13.0,23.0,5.0,16.0
141.0,150.0,6.0,18.0,5.0,17.0
116.0,99.0,6.0,15.0,5.0,15.0
150.0,80.0,4.0,16.0,4.0,13.0
204.0,119.0,6.0,13.0,4.0,15.0
203.0,233.0,20.0,12.0,6.0,20.0
172.0,170.0,4.0,11.0,6.0,18.0
211.0,139.0,3.0,10.0,6.0,16.0
281.0,176.0,6.0,13.0,5.0,17.0
281.0,294.0,6.0,14.0,7.0,25.0
296.0,320.0,10.0,14.0,9.0,27.0
223.0,338.0,10.0,15.0,8.0,23.0
209.0,202.0,7.0,18.0,6.0,20.0
178.0,155.0,7.0,18.0,6.0,15.0
265.0,135.0,5.0,15.0,5.0,10.0
420.0,236.0,6.0,17.0,6.0,13.0
446.0,455.0,8.0,28.0,8.0,22.0
436.0,511.0,9.0,30.0,9.0,24.0
509.0,439.0,12.0,28.0,10.0,22.0
342.0,534.0,14.0,24.0,9.0,18.0
246.0,316.0,14.0,24.0,10.0,16.0
229.0,180.0,12.0,21.0,9.0,12.0
233.0,162.0,6.0,19.0,6.0,11.0
257.0,190.0,10.0,25.0,7.0,16.0
197.0,221.0,6.0,21.0,6.0,15.0
298.0,181.0,16.0,31.0,8.0,14.0
400.0,239.0,17.0,22.0,7.0,13.0
828.0,389.0,9.0,24.0,6.0,17.0
384.0,925.0,5.0,20.0,6.0,31.0
495.0,367.0,6.0,26.0,8.0,18.0
424.0,589.0,13.0,37.0,11.0,27.0
390.0,495.0,6.0,28.0,11.0,25.0
400.0,445.0,6.0,26.0,10.0,23.0
398.0,424.0,7.0,22.0,8.0,20.0
326.0,375.0,21.0,19.0,15.0,18.0
247.0,365.0,29.0,26.0,10.0,16.0
208.0,303.0,53.0,30.0,8.0,19.0
290.0,244.0,62.0,26.0,9.0,17.0
207.0,380.0,40.0,29.0,10.0,22.0
184.0,254.0,25.0,32.0,10.0,14.0
207.0,180.0,23.0,22.0,9.0,11.0
145.0,199.0,37.0,20.0,8.0,11.0
161.0,136.0,16.0,19.0,7.0,12.0
162.0,127.0,34.0,20.0,7.0,9.0
204.0,223.0,20.0,18.0,5.0,10.0
219.0,224.0,108.0,22.0,8.0,14.0
200.0,233.0,45.0,31.0,7.0,15.0
201.0,217.0,43.0,30.0,6.0,19.0
217.0,208.0,28.0,22.0,7.0,14.0
188.0,184.0,30.0,20.0,7.0,12.0
172.0,156.0,23.0,22.0,6.0,13.0
190.0,136.0,39.0,19.0,6.0,11.0
160.0,177.0,46.0,27.0,8.0,12.0
122.0,142.0,63.0,18.0,6.0,11.0
143.0,92.0,19.0,16.0,6.0,7.0
146.0,106.0,12.0,17.0,3.0,7.0
119.0,102.0,18.0,16.0,5.0,8.0
133.0,88.0,16.0,17.0,5.0,8.0
154.0,85.0,14.0,15.0,5.0,7.0
113.0,151.0,31.0,15.0,6.0,9.0
120.0,83.0,17.0,12.0,5.0,8.0
83.0,100.0,14.0,12.0,5.0,12.0
105.0,102.0,11.0,9.0,5.0,6.0
79.0,97.0,54.0,10.0,6.0,6.0
115.0,93.0,53.0,9.0,7.0,6.0
124.0,102.0,56.0,12.0,6.0,8.0
145.0,112.0,14.0,12.0,6.0,7.0
169.0,117.0,5.0,17.0,5.0,7.0
134.0,127.0,14.0,18.0,5.0,8.0
106.0,134.0,7.0,21.0,3.0,8.0
154.0,116.0,21.0,23.0,3.0,8.0
151.0,123.0,30.0,26.0,5.0,10.0
118.0,100.0,12.0,16.0,4.0,5.0
162.0,104.0,14.0,18.0,5.0,7.0
168.0,122.0,27.0,20.0,5.0,9.0
153.0,127.0,21.0,24.0,5.0,10.0
144.0,106.0,7.0,18.0,5.0,9.0
95.0,99.0,8.0,17.0,4.0,9.0
256.0,71.0,1.0,13.0,4.0,7.0
134.0,94.0,17.0,20.0,5.0,8.0
117.0,108.0,32.0,20.0,6.0,12.0
168.0,107.0,24.0,18.0,4.0,6.0
155.0,142.0,28.0,24.0,5.0,11.0
148.0,104.0,16.0,18.0,4.0,10.0
115.0,104.0,17.0,20.0,4.0,9.0
155.0,103.0,26.0,23.0,4.0,10.0
135.0,129.0,16.0,29.0,5.0,13.0
123.0,107.0,36.0,22.0,5.0,10.0
151.0,109.0,14.0,20.0,4.0,9.0
128.0,143.0,45.0,20.0,5.0,12.0
104.0,122.0,80.0,22.0,5.0,13.0
104.0,99.0,8.0,18.0,4.0,11.0
149.0,80.0,8.0,14.0,3.0,8.0
143.0,136.0,7.0,26.0,4.0,15.0
120.0,140.0,9.0,26.0,4.0,15.0
122.0,115.0,9.0,20.0,4.0,12.0
108.0,106.0,17.0,20.0,4.0,13.0
118.0,88.0,13.0,13.0,4.0,17.0
59.0,88.0,24.0,22.0,4.0,21.0
57.0,41.0,6.0,18.0,4.0,18.0
69.0,52.0,12.0,13.0,3.0,15.0
89.0,61.0,10.0,14.0,4.0,22.0
98.0,59.0,7.0,12.0,4.0,10.0
90.0,64.0,9.0,17.0,4.0,10.0
110.0,73.0,9.0,17.0,5.0,7.0
104.0,85.0,5.0,23.0,6.0,15.0
77.0,82.0,36.0,18.0,4.0,7.0
79.0,70.0,16.0,14.0,5.0,5.0
121.0,97.0,9.0,16.0,4.0,4.0
113.0,111.0,31.0,18.0,5.0,10.0
111.0,88.0,15.0,18.0,4.0,10.0
155.0,75.0,31.0,21.0,4.0,9.0
138.0,115.0,21.0,23.0,4.0,12.0
138.0,97.0,35.0,19.0,4.0,11.0
99.0,109.0,79.0,21.0,5.0,10.0
105.0,92.0,11.0,21.0,4.0,62.0
98.0,109.0,8.0,19.0,5.0,75.0
115.0,86.0,49.0,17.0,4.0,9.0
105.0,106.0,92.0,20.0,4.0,9.0
92.0,117.0,29.0,16.0,4.0,11.0
111.0,88.0,46.0,18.0,4.0,8.0
108.0,80.0,50.0,20.0,5.0,9.0
92.0,93.0,51.0,18.0,4.0,7.0
142.0,93.0,2.0,27.0,5.0,8.0
174.0,174.0,12.0,29.0,5.0,15.0
157.0,156.0,31.0,30.0,5.0,18.0
130.0,121.0,20.0,26.0,5.0,17.0
137.0,98.0,15.0,24.0,5.0,13.0
153.0,115.0,9.0,27.0,5.0,11.0
115.0,146.0,36.0,32.0,5.0,12.0
95.0,92.0,31.0,29.0,5.0,12.0
99.0,63.0,16.0,19.0,4.0,8.0
113.0,86.0,23.0,20.0,5.0,7.0
157.0,79.0,5.0,22.0,5.0,9.0
154.0,259.0,16.0,20.0,5.0,7.0
164.0,274.0,18.0,20.0,8.0,8.0
165.0,399.0,24.0,17.0,6.0,9.0
151.0,355.0,8.0,12.0,6.0,9.0
131.0,282.0,3.0,18.0,4.0,8.0
135.0,119.0,6.0,15.0,6.0,9.0
109.0,128.0,13.0,20.0,6.0,11.0
102.0,83.0,14.0,17.0,6.0,8.0
140.0,97.0,19.0,16.0,5.0,9.0
100.0,106.0,8.0,15.0,6.0,11.0
112.0,81.0,6.0,16.0,5.0,10.0
152.0,106.0,16.0,14.0,5.0,9.0
131.0,160.0,28.0,15.0,7.0,9.0
141.0,219.0,16.0,19.0,7.0,9.0
141.0,216.0,13.0,24.0,9.0,9.0
146.0,174.0,18.0,25.0,9.0,7.0
151.0,174.0,23.0,20.0,6.0,10.0
148.0,116.0,27.0,24.0,7.0,9.0
82.0,106.0,32.0,22.0,7.0,10.0
121.0,100.0,14.0,20.0,8.0,13.0
156.0,121.0,35.0,18.0,6.0,12.0
155.0,139.0,45.0,29.0,9.0,12.0
106.0,144.0,50.0,42.0,9.0,12.0
155.0,114.0,62.0,27.0,5.0,7.0
83.0,152.0,46.0,30.0,8.0,8.0
118.0,75.0,25.0,26.0,5.0,7.0
114.0,115.0,16.0,28.0,8.0,6.0
163.0,139.0,18.0,22.0,8.0,5.0
137.0,180.0,36.0,37.0,11.0,9.0
134.0,136.0,39.0,33.0,10.0,9.0
126.0,159.0,27.0,29.0,10.0,9.0
187.0,234.0,36.0,27.0,7.0,7.0
154.0,564.0,19.0,44.0,13.0,13.0
200.0,218.0,44.0,47.0,13.0,16.0
148.0,285.0,76.0,48.0,15.0,17.0
139.0,155.0,64.0,38.0,8.0,13.0
157.0,121.0,67.0,31.0,8.0,9.0
155.0,217.0,45.0,34.0,10.0,10.0
145.0,154.0,58.0,34.0,9.0,12.0
150.0,156.0,46.0,31.0,9.0,10.0
166.0,294.0,21.0,23.0,7.0,9.0
184.0,312.0,78.0,54.0,16.0,14.0
184.0,354.0,58.0,46.0,14.0,12.0
167.0,220.0,44.0,44.0,14.0,12.0
147.0,146.0,53.0,40.0,13.0,11.0
151.0,141.0,45.0,45.0,10.0,10.0
147.0,140.0,47.0,44.0,12.0,9.0
120.0,114.0,43.0,34.0,9.0,7.0
119.0,92.0,35.0,27.0,6.0,7.0
204.0,98.0,18.0,35.0,7.0,10.0
163.0,236.0,61.0,39.0,14.0,15.0
171.0,174.0,35.0,36.0,13.0,14.0
178.0,168.0,53.0,32.0,12.0,11.0
170.0,177.0,53.0,45.0,12.0,12.0
129.0,127.0,59.0,42.0,9.0,11.0
172.0,91.0,22.0,35.0,7.0,7.0
151.0,393.0,34.0,41.0,9.0,11.0
174.0,168.0,33.0,41.0,8.0,13.0
135.0,159.0,30.0,46.0,15.0,13.0
264.0,113.0,45.0,30.0,7.0,7.0
243.0,349.0,73.0,35.0,17.0,12.0
188.0,478.0,51.0,33.0,9.0,10.0
195.0,236.0,42.0,30.0,10.0,10.0
231.0,300.0,37.0,39.0,15.0,9.0
240.0,377.0,39.0,44.0,17.0,14.0
232.0,407.0,35.0,49.0,16.0,20.0
233.0,403.0,26.0,56.0,19.0,19.0
202.0,322.0,50.0,59.0,18.0,21.0
163.0,212.0,48.0,44.0,12.0,14.0
147.0,147.0,49.0,38.0,9.0,11.0
160.0,145.0,59.0,34.0,9.0,10.0
182.0,284.0,43.0,28.0,9.0,12.0
186.0,254.0,76.0,37.0,13.0,15.0
168.0,260.0,8.0,61.0,20.0,14.0
159.0,212.0,40.0,38.0,10.0,11.0
168.0,180.0,31.0,30.0,8.0,8.0
176.0,224.0,31.0,30.0,9.0,9.0
181.0,181.0,40.0,37.0,12.0,13.0
174.0,254.0,61.0,41.0,9.0,12.0
201.0,229.0,65.0,40.0,8.0,14.0
204.0,282.0,54.0,49.0,14.0,18.0
217.0,198.0,57.0,41.0,15.0,17.0
195.0,209.0,41.0,56.0,17.0,16.0
159.0,158.0,62.0,47.0,17.0,13.0
139.0,118.0,39.0,31.0,12.0,10.0
104.0,86.0,42.0,25.0,6.0,7.0
150.0,100.0,27.0,28.0,7.0,5.0
148.0,192.0,23.0,25.0,8.0,9.0
137.0,161.0,26.0,29.0,10.0,16.0
130.0,120.0,28.0,23.0,8.0,16.0
144.0,127.0,30.0,22.0,8.0,10.0
156.0,194.0,31.0,26.0,8.0,7.0
188.0,170.0,38.0,31.0,9.0,11.0
184.0,245.0,37.0,44.0,10.0,12.0
165.0,194.0,52.0,43.0,12.0,11.0
260.0,271.0,45.0,37.0,9.0,11.0
187.0,402.0,28.0,37.0,12.0,11.0
203.0,297.0,44.0,37.0,14.0,13.0
212.0,250.0,93.0,47.0,16.0,16.0
170.0,236.0,71.0,45.0,14.0,11.0
193.0,177.0,41.0,45.0,14.0,13.0
143.0,196.0,48.0,46.0,15.0,13.0
178.0,129.0,31.0,26.0,8.0,8.0
184.0,178.0,55.0,41.0,12.0,11.0
219.0,221.0,46.0,41.0,10.0,14.0
159.0,232.0,55.0,48.0,18.0,16.0
154.0,132.0,33.0,39.0,12.0,12.0
145.0,123.0,32.0,28.0,8.0,9.0
136.0,107.0,24.0,24.0,8.0,8.0
135.0,104.0,27.0,29.0,11.0,7.0
106.0,103.0,32.0,23.0,8.0,7.0
188.0,94.0,32.0,23.0,7.0,7.0
173.0,148.0,36.0,20.0,11.0,11.0
188.0,229.0,26.0,45.0,13.0,13.0
188.0,188.0,32.0,41.0,12.0,13.0
173.0,152.0,38.0,35.0,11.0,11.0
158.0,136.0,34.0,39.0,11.0,10.0
159.0,113.0,30.0,29.0,8.0,8.0
191.0,118.0,20.0,28.0,9.0,9.0
192.0,143.0,28.0,32.0,8.0,12.0
177.0,165.0,32.0,32.0,7.0,11.0
161.0,136.0,17.0,32.0,7.0,8.0
181.0,112.0,17.0,27.0,5.0,8.0
172.0,127.0,15.0,32.0,6.0,9.0
205.0,117.0,16.0,35.0,6.0,10.0
136.0,141.0,4.0,41.0,7.0,15.0
182.0,96.0,24.0,21.0,5.0,6.0
151.0,151.0,1.0,37.0,6.0,17.0
172.0,77.0,8.0,24.0,5.0,6.0
170.0,135.0,11.0,33.0,7.0,9.0
176.0,135.0,23.0,38.0,6.0,10.0
150.0,118.0,30.0,35.0,6.0,9.0
169.0,104.0,22.0,27.0,4.0,8.0
180.0,143.0,13.0,27.0,5.0,10.0
214.0,202.0,19.0,37.0,10.0,17.0
225.0,187.0,6.0,45.0,10.0,14.0
226.0,186.0,30.0,43.0,10.0,15.0
192.0,199.0,21.0,32.0,9.0,13.0
191.0,134.0,27.0,31.0,8.0,12.0
225.0,134.0,10.0,25.0,7.0,11.0
259.0,154.0,13.0,34.0,9.0,12.0
300.0,211.0,15.0,39.0,9.0,16.0
308.0,314.0,40.0,56.0,9.0,27.0
265.0,328.0,35.0,43.0,10.0,18.0
243.0,264.0,30.0,42.0,10.0,17.0
182.0,201.0,22.0,34.0,10.0,13.0
168.0,139.0,21.0,24.0,8.0,11.0
174.0,119.0,18.0,27.0,7.0,10.0
313.0,126.0,12.0,23.0,7.0,9.0
415.0,301.0,17.0,44.0,9.0,19.0
270.0,564.0,21.0,66.0,17.0,37.0
236.0,241.0,26.0,47.0,14.0,19.0
286.0,169.0,14.0,28.0,10.0,12.0
289.0,242.0,7.0,26.0,8.0,15.0
316.0,218.0,15.0,28.0,14.0,13.0
307.0,359.0,19.0,29.0,16.0,23.0
220.0,293.0,24.0,27.0,19.0,18.0
263.0,167.0,21.0,25.0,12.0,12.0
221.0,201.0,21.0,23.0,11.0,11.0
180.0,149.0,20.0,21.0,11.0,10.0
174.0,114.0,28.0,21.0,10.0,9.0
230.0,108.0,17.0,24.0,11.0,9.0
247.0,197.0,5.0,25.0,8.0,13.0
156.0,178.0,4.0,27.0,8.0,13.0
311.0,75.0,3.0,24.0,8.0,10.0
478.0,378.0,11.0,41.0,11.0,23.0
317.0,664.0,8.0,65.0,14.0,37.0
289.0,385.0,6.0,43.0,13.0,19.0
384.0,289.0,4.0,32.0,8.0,24.0
381.0,418.0,10.0,36.0,11.0,20.0
222.0,475.0,8.0,45.0,13.0,19.0
176.0,175.0,10.0,28.0,8.0,10.0
391.0,139.0,14.0,21.0,7.0,9.0
417.0,407.0,10.0,34.0,9.0,25.0
378.0,497.0,14.0,39.0,9.0,27.0
242.0,438.0,11.0,39.0,10.0,22.0
224.0,222.0,12.0,27.0,9.0,13.0
240.0,156.0,14.0,23.0,7.0,11.0
271.0,168.0,11.0,23.0,7.0,16.0
261.0,211.0,8.0,29.0,8.0,13.0
378.0,204.0,9.0,30.0,8.0,15.0
352.0,454.0,11.0,38.0,10.0,19.0
496.0,354.0,6.0,30.0,7.0,16.0
480.0,604.0,10.0,39.0,9.0,27.0
414.0,641.0,9.0,49.0,12.0,29.0
387.0,565.0,15.0,45.0,13.0,28.0
364.0,425.0,15.0,46.0,12.0,18.0
413.0,342.0,13.0,33.0,9.0,14.0
394.0,520.0,10.0,38.0,10.0,32.0
386.0,416.0,17.0,33.0,9.0,19.0
506.0,364.0,15.0,34.0,9.0,17.0
581.0,630.0,26.0,44.0,11.0,35.0
460.0,785.0,21.0,59.0,13.0,34.0
366.0,554.0,22.0,52.0,13.0,20.0
383.0,391.0,22.0,39.0,10.0,18.0
338.0,474.0,20.0,34.0,12.0,25.0
290.0,374.0,21.0,34.0,13.0,17.0
274.0,294.0,23.0,28.0,11.0,15.0
253.0,258.0,17.0,30.0,10.0,15.0
206.0,206.0,20.0,32.0,10.0,12.0
220.0,148.0,10.0,24.0,8.0,11.0
183.0,165.0,8.0,17.0,9.0,12.0
349.0,118.0,9.0,10.0,10.0,11.0
421.0,370.0,9.0,7.0,12.0,22.0
425.0,544.0,20.0,6.0,13.0,28.0
314.0,546.0,23.0,6.0,14.0,22.0
311.0,312.0,19.0,6.0,14.0,19.0
305.0,309.0,16.0,7.0,15.0,16.0
349.0,319.0,13.0,8.0,14.0,17.0
286.0,411.0,14.0,9.0,13.0,26.0
317.0,462.0,13.0,1.0,13.0,35.0
302.0,399.0,17.0,0.0,15.0,25.0
255.0,371.0,22.0,1.0,14.0,24.0
299.0,274.0,17.0,2.0,13.0,16.0
342.0,300.0,14.0,4.0,12.0,17.0
299.0,394.0,9.0,7.0,12.0,24.0
331.0,357.0,13.0,12.0,12.0,24.0
330.0,487.0,8.0,15.0,13.0,38.0
235.0,408.0,21.0,20.0,15.0,21.0
200.0,224.0,20.0,20.0,14.0,14.0
295.0,187.0,15.0,21.0,14.0,14.0
271.0,321.0,18.0,18.0,13.0,22.0
313.0,350.0,21.0,20.0,15.0,19.0
332.0,321.0,20.0,21.0,12.0,17.0
290.0,375.0,24.0,7.0,11.0,20.0
306.0,332.0,25.0,7.0,12.0,17.0
247.0,370.0,23.0,8.0,13.0,20.0
243.0,221.0,19.0,11.0,13.0,13.0
195.0,193.0,16.0,13.0,12.0,12.0
257.0,145.0,11.0,16.0,11.0,16.0
393.0,244.0,14.0,9.0,11.0,22.0
404.0,517.0,10.0,7.0,14.0,32.0
404.0,531.0,33.0,9.0,13.0,27.0
428.0,520.0,35.0,9.0,14.0,27.0
423.0,555.0,17.0,10.0,14.0,31.0
545.0,512.0,33.0,9.0,14.0,26.0
320.0,545.0,22.0,9.0,22.0,25.0
277.0,320.0,35.0,11.0,16.0,14.0
464.0,266.0,23.0,15.0,11.0,13.0
196.0,500.0,15.0,16.0,12.0,18.0
259.0,150.0,26.0,17.0,11.0,10.0
331.0,324.0,14.0,18.0,10.0,20.0
388.0,418.0,24.0,17.0,12.0,21.0
334.0,502.0,23.0,16.0,13.0,34.0
361.0,418.0,25.0,11.0,11.0,29.0
313.0,457.0,28.0,5.0,11.0,27.0
381.0,401.0,29.0,4.0,11.0,29.0
284.0,472.0,4.0,3.0,14.0,52.0
300.0,346.0,31.0,2.0,12.0,25.0
264.0,358.0,32.0,2.0,15.0,21.0
289.0,304.0,43.0,1.0,21.0,23.0
223.0,374.0,35.0,3.0,21.0,26.0
209.0,288.0,32.0,5.0,30.0,18.0
231.0,218.0,26.0,16.0,24.0,15.0
263.0,220.0,33.0,19.0,21.0,14.0
222.0,279.0,39.0,18.0,20.0,15.0
241.0,279.0,34.0,20.0,19.0,17.0
227.0,342.0,30.0,23.0,18.0,25.0
249.0,338.0,29.0,23.0,15.0,24.0
221.0,368.0,36.0,30.0,19.0,22.0
190.0,283.0,35.0,23.0,20.0,16.0
244.0,182.0,27.0,23.0,17.0,11.0
163.0,255.0,33.0,19.0,17.0,13.0
163.0,144.0,34.0,15.0,16.0,10.0
179.0,203.0,14.0,17.0,13.0,10.0
192.0,227.0,24.0,20.0,14.0,15.0
205.0,281.0,50.0,24.0,14.0,16.0
167.0,223.0,45.0,24.0,14.0,14.0
131.0,155.0,36.0,20.0,14.0,11.0
210.0,133.0,23.0,19.0,12.0,10.0
174.0,220.0,31.0,17.0,15.0,14.0
145.0,172.0,53.0,24.0,15.0,13.0
168.0,166.0,35.0,24.0,12.0,13.0
155.0,158.0,24.0,20.0,12.0,11.0
182.0,72.0,7.0,18.0,12.0,9.0
166.0,155.0,13.0,18.0,12.0,11.0
154.0,144.0,42.0,15.0,10.0,11.0
160.0,140.0,33.0,13.0,11.0,9.0
147.0,146.0,28.0,11.0,9.0,9.0
134.0,127.0,24.0,11.0,10.0,8.0
179.0,116.0,15.0,12.0,10.0,7.0
113.0,163.0,12.0,14.0,12.0,9.0
111.0,107.0,12.0,13.0,12.0,7.0
118.0,105.0,7.0,13.0,13.0,7.0
115.0,104.0,5.0,14.0,10.0,8.0
146.0,100.0,4.0,22.0,12.0,10.0
137.0,96.0,18.0,29.0,12.0,13.0
117.0,63.0,2.0,26.0,10.0,10.0
117.0,89.0,5.0,22.0,8.0,9.0
124.0,78.0,9.0,29.0,9.0,11.0
129.0,118.0,7.0,29.0,10.0,11.0
164.0,92.0,4.0,0.0,11.0,12.0
123.0,102.0,20.0,0.0,11.0,19.0
118.0,63.0,8.0,0.0,10.0,13.0
125.0,69.0,21.0,0.0,9.0,9.0
136.0,95.0,6.0,2.0,11.0,13.0
129.0,121.0,5.0,3.0,12.0,9.0
151.0,92.0,16.0,3.0,10.0,12.0
98.0,120.0,31.0,14.0,11.0,14.0
78.0,67.0,6.0,19.0,9.0,12.0
90.0,55.0,5.0,16.0,10.0,8.0
112.0,73.0,8.0,13.0,10.0,7.0
113.0,100.0,4.0,21.0,12.0,8.0
102.0,101.0,5.0,21.0,10.0,9.0
172.0,75.0,3.0,20.0,11.0,9.0
150.0,53.0,8.0,30.0,9.0,10.0
115.0,29.0,11.0,28.0,10.0,11.0
107.0,50.0,12.0,27.0,10.0,12.0
100.0,72.0,33.0,18.0,5.0,11.0
89.0,82.0,58.0,28.0,8.0,11.0
103.0,65.0,16.0,22.0,8.0,9.0
112.0,73.0,19.0,22.0,8.0,11.0
117.0,84.0,19.0,22.0,8.0,8.0
113.0,90.0,13.0,21.0,8.0,10.0
125.0,75.0,9.0,18.0,9.0,8.0
108.0,93.0,7.0,22.0,11.0,8.0
123.0,82.0,6.0,22.0,10.0,8.0
142.0,92.0,14.0,31.0,9.0,11.0
131.0,99.0,13.0,23.0,9.0,9.0
140.0,67.0,13.0,21.0,8.0,10.0
123.0,81.0,9.0,20.0,9.0,9.0
166.0,82.0,4.0,20.0,9.0,9.0
163.0,139.0,3.0,26.0,11.0,7.0
161.0,146.0,9.0,27.0,11.0,8.0
163.0,152.0,6.0,31.0,13.0,8.0
149.0,152.0,7.0,26.0,11.0,7.0
159.0,120.0,9.0,28.0,11.0,8.0
140.0,119.0,8.0,30.0,8.0,9.0
151.0,85.0,4.0,25.0,8.0,6.0
91.0,87.0,8.0,24.0,9.0,9.0
76.0,50.0,9.0,16.0,9.0,9.0
89.0,31.0,4.0,13.0,8.0,8.0
138.0,46.0,4.0,16.0,9.0,8.0
141.0,108.0,5.0,16.0,13.0,10.0
103.0,115.0,15.0,11.0,10.0,11.0
106.0,93.0,8.0,9.0,9.0,9.0
157.0,71.0,7.0,14.0,9.0,10.0
110.0,106.0,28.0,15.0,9.0,12.0
107.0,83.0,7.0,14.0,8.0,9.0
107.0,92.0,12.0,14.0,8.0,9.0
102.0,105.0,15.0,12.0,8.0,8.0
87.0,102.0,36.0,18.0,9.0,10.0
102.0,92.0,7.0,19.0,9.0,11.0
93.0,107.0,14.0,15.0,8.0,9.0
100.0,95.0,9.0,16.0,8.0,10.0
126.0,83.0,7.0,18.0,8.0,8.0
128.0,132.0,30.0,18.0,9.0,9.0
128.0,115.0,16.0,20.0,9.0,9.0
155.0,115.0,25.0,23.0,8.0,8.0
151.0,170.0,18.0,28.0,8.0,9.0
157.0,119.0,42.0,19.0,9.0,7.0
149.0,119.0,34.0,17.0,9.0,8.0
140.0,132.0,20.0,18.0,8.0,8.0
148.0,110.0,21.0,20.0,8.0,7.0
136.0,111.0,33.0,22.0,8.0,8.0
126.0,129.0,24.0,26.0,8.0,9.0
119.0,222.0,10.0,22.0,11.0,7.0
136.0,108.0,9.0,25.0,11.0,11.0
151.0,99.0,13.0,26.0,10.0,10.0
83.0,97.0,14.0,27.0,9.0,9.0
142.0,81.0,14.0,20.0,9.0,10.0
162.0,96.0,28.0,21.0,12.0,10.0
171.0,139.0,13.0,24.0,20.0,10.0
155.0,220.0,29.0,21.0,16.0,9.0
168.0,141.0,42.0,18.0,17.0,9.0
171.0,186.0,51.0,29.0,15.0,12.0
183.0,210.0,86.0,30.0,18.0,12.0
160.0,290.0,57.0,22.0,18.0,10.0
150.0,141.0,54.0,27.0,18.0,9.0
149.0,120.0,35.0,16.0,12.0,8.0
168.0,128.0,23.0,18.0,15.0,9.0
251.0,220.0,21.0,12.0,12.0,8.0
260.0,652.0,13.0,17.0,17.0,10.0
356.0,643.0,20.0,19.0,33.0,8.0
407.0,797.0,13.0,21.0,28.0,9.0
252.0,979.0,6.0,15.0,23.0,5.0
168.0,432.0,9.0,22.0,24.0,6.0
151.0,135.0,23.0,22.0,10.0,6.0
148.0,96.0,23.0,20.0,9.0,6.0
180.0,115.0,7.0,20.0,10.0,7.0
162.0,186.0,14.0,23.0,13.0,8.0
157.0,116.0,35.0,24.0,18.0,8.0
168.0,119.0,14.0,22.0,14.0,6.0
160.0,147.0,22.0,22.0,17.0,13.0
152.0,139.0,21.0,22.0,15.0,5.0
169.0,148.0,28.0,24.0,17.0,6.0
173.0,167.0,33.0,28.0,21.0,8.0
193.0,229.0,29.0,25.0,18.0,6.0
175.0,246.0,40.0,49.0,28.0,13.0
181.0,185.0,49.0,55.0,33.0,12.0
184.0,268.0,31.0,57.0,40.0,10.0
164.0,230.0,47.0,55.0,36.0,13.0
186.0,169.0,46.0,44.0,30.0,10.0
200.0,187.0,38.0,38.0,27.0,11.0
174.0,235.0,56.0,47.0,30.0,15.0
163.0,180.0,52.0,44.0,26.0,11.0
167.0,153.0,28.0,36.0,21.0,7.0
190.0,150.0,36.0,41.0,27.0,9.0
162.0,247.0,51.0,57.0,28.0,15.0
183.0,135.0,39.0,17.0,6.0,8.0
166.0,220.0,51.0,18.0,10.0,6.0
165.0,160.0,40.0,16.0,8.0,6.0
140.0,161.0,41.0,28.0,10.0,8.0
176.0,131.0,36.0,20.0,9.0,6.0
216.0,218.0,25.0,16.0,10.0,7.0
214.0,410.0,78.0,21.0,15.0,17.0
164.0,416.0,63.0,22.0,23.0,13.0
146.0,160.0,65.0,16.0,12.0,7.0
149.0,134.0,53.0,11.0,8.0,5.0
183.0,164.0,34.0,8.0,5.0,2.0
197.0,268.0,72.0,14.0,12.0,9.0
167.0,357.0,40.0,14.0,12.0,10.0
143.0,180.0,77.0,14.0,10.0,7.0
150.0,131.0,35.0,10.0,9.0,5.0
181.0,178.0,20.0,9.0,11.0,4.0
163.0,227.0,39.0,7.0,5.0,5.0
182.0,188.0,45.0,9.0,5.0,4.0
182.0,248.0,74.0,17.0,14.0,6.0
178.0,270.0,69.0,17.0,11.0,6.0
177.0,412.0,42.0,14.0,12.0,5.0
187.0,447.0,50.0,13.0,11.0,7.0
187.0,453.0,74.0,16.0,16.0,13.0
170.0,463.0,36.0,20.0,23.0,15.0
150.0,258.0,50.0,17.0,15.0,8.0
147.0,191.0,44.0,12.0,6.0,5.0
196.0,152.0,29.0,10.0,13.0,3.0
218.0,420.0,26.0,9.0,7.0,3.0
188.0,427.0,15.0,15.0,18.0,5.0
146.0,219.0,35.0,14.0,12.0,6.0
163.0,180.0,28.0,11.0,6.0,4.0
183.0,249.0,18.0,17.0,9.0,8.0
170.0,373.0,37.0,19.0,17.0,11.0
164.0,227.0,45.0,19.0,14.0,9.0
142.0,216.0,33.0,16.0,9.0,8.0
132.0,146.0,35.0,15.0,9.0,8.0
130.0,134.0,34.0,15.0,7.0,9.0
190.0,127.0,20.0,9.0,7.0,4.0
145.0,344.0,45.0,21.0,17.0,10.0
155.0,158.0,20.0,16.0,8.0,7.0
150.0,154.0,34.0,17.0,10.0,5.0
171.0,150.0,30.0,19.0,11.0,6.0
165.0,164.0,29.0,17.0,14.0,6.0
208.0,281.0,43.0,35.0,16.0,10.0
173.0,351.0,34.0,20.0,13.0,8.0
158.0,171.0,26.0,21.0,8.0,9.0
242.0,119.0,27.0,12.0,4.0,6.0
206.0,307.0,30.0,30.0,19.0,18.0
172.0,193.0,19.0,25.0,22.0,11.0
180.0,128.0,34.0,20.0,7.0,7.0
171.0,127.0,34.0,17.0,8.0,6.0
161.0,128.0,33.0,17.0,7.0,6.0
169.0,111.0,26.0,15.0,5.0,5.0
228.0,139.0,24.0,16.0,8.0,7.0
194.0,275.0,34.0,20.0,13.0,11.0
163.0,208.0,33.0,27.0,17.0,11.0
190.0,174.0,16.0,19.0,11.0,7.0
230.0,224.0,29.0,17.0,9.0,9.0
180.0,342.0,16.0,21.0,13.0,10.0
236.0,275.0,24.0,20.0,13.0,7.0
203.0,230.0,25.0,25.0,20.0,5.0
195.0,221.0,26.0,20.0,11.0,5.0
158.0,136.0,25.0,15.0,8.0,3.0
164.0,132.0,20.0,13.0,6.0,4.0
249.0,136.0,30.0,12.0,7.0,5.0
162.0,335.0,25.0,27.0,12.0,19.0
160.0,124.0,29.0,17.0,7.0,5.0
160.0,126.0,22.0,18.0,8.0,5.0
163.0,130.0,24.0,16.0,8.0,5.0
182.0,136.0,19.0,16.0,7.0,7.0
203.0,166.0,21.0,14.0,7.0,6.0
191.0,221.0,27.0,21.0,6.0,15.0
214.0,197.0,20.0,24.0,7.0,9.0
179.0,246.0,25.0,23.0,9.0,11.0
154.0,146.0,22.0,21.0,6.0,11.0
176.0,133.0,20.0,14.0,5.0,8.0
235.0,157.0,22.0,13.0,7.0,7.0
219.0,369.0,16.0,34.0,15.0,15.0
200.0,207.0,26.0,24.0,11.0,14.0
385.0,251.0,29.0,21.0,8.0,12.0
232.0,504.0,5.0,40.0,12.0,27.0
244.0,289.0,32.0,28.0,11.0,16.0
189.0,304.0,36.0,21.0,13.0,14.0
189.0,202.0,24.0,22.0,11.0,9.0
168.0,187.0,25.0,21.0,6.0,8.0
162.0,140.0,24.0,15.0,5.0,6.0
208.0,130.0,23.0,12.0,4.0,4.0
180.0,181.0,24.0,16.0,6.0,10.0
228.0,291.0,13.0,19.0,6.0,6.0
316.0,361.0,19.0,23.0,9.0,10.0
325.0,490.0,27.0,19.0,7.0,24.0
278.0,387.0,32.0,18.0,9.0,12.0
218.0,330.0,27.0,17.0,6.0,13.0
232.0,207.0,22.0,17.0,4.0,9.0
275.0,247.0,18.0,15.0,4.0,8.0
240.0,304.0,20.0,18.0,8.0,10.0
222.0,234.0,22.0,15.0,5.0,9.0
251.0,242.0,18.0,15.0,7.0,9.0
325.0,277.0,11.0,15.0,5.0,10.0
241.0,391.0,10.0,18.0,17.0,13.0
277.0,218.0,6.0,15.0,4.0,7.0
398.0,325.0,6.0,15.0,8.0,8.0
267.0,448.0,1.0,17.0,6.0,12.0
313.0,250.0,5.0,12.0,1.0,11.0
268.0,330.0,6.0,13.0,2.0,13.0
260.0,182.0,4.0,9.0,1.0,6.0
274.0,207.0,2.0,17.0,2.0,8.0
314.0,212.0,4.0,13.0,4.0,9.0
